name,date,url,header,content,lang,total_word,sentiment
gamingdose,2022/05/04,https://www.gamingdose.com/news/netlfix-%e0%b8%9b%e0%b8%a5%e0%b9%88%e0%b8%ad%e0%b8%a2%e0%b8%a7%e0%b8%b4%e0%b8%94%e0%b8%b5%e0%b9%82%e0%b8%ad%e0%b8%aa%e0%b8%b1%e0%b9%89%e0%b8%99-%e0%b9%86-%e0%b9%80%e0%b8%9c%e0%b8%a2%e0%b9%82%e0%b8%89/,Netlfix ‡∏õ‡∏•‡πà‡∏≠‡∏¢‡∏ß‡∏¥‡∏î‡∏µ‡πÇ‡∏≠‡∏™‡∏±‡πâ‡∏ô ‡πÜ ‡πÄ‡∏ú‡∏¢‡πÇ‡∏â‡∏°‡πÅ‡∏£‡∏Å‡∏Ç‡∏≠‡∏á Sonic Prime ‡∏ã‡∏µ‡∏£‡∏µ‡∏™‡πå‡πÅ‡∏≠‡∏ô‡∏¥‡πÄ‡∏°‡∏ä‡∏±‡∏ô 3D ‡∏ó‡∏µ‡πà‡∏°‡∏µ‡∏Å‡∏≥‡∏´‡∏ô‡∏î‡∏â‡∏≤‡∏¢‡∏†‡∏≤‡∏¢‡πÉ‡∏ô‡∏õ‡∏µ‡∏ô‡∏µ‡πâ,"‡∏´‡∏•‡∏±‡∏á‡∏à‡∏≤‡∏Å‡∏ó‡∏µ‡πà‡πÄ‡∏á‡∏µ‡∏¢‡∏ö‡∏´‡∏≤‡∏¢‡πÑ‡∏õ‡πÑ‡∏î‡πâ‡∏™‡∏±‡∏Å‡∏û‡∏±‡∏Å ‡πÉ‡∏ô‡∏ó‡∏µ‡πà‡∏™‡∏∏‡∏î Netflix ‡∏Å‡πá‡πÄ‡∏ú‡∏¢‡πÇ‡∏â‡∏°‡πÅ‡∏£‡∏Å‡∏Ç‡∏≠‡∏á ‚ÄúSonic Prime‚Äù ‡∏ã‡∏µ‡∏£‡∏µ‡∏™‡πå‡πÅ‡∏≠‡∏ô‡∏¥‡πÄ‡∏°‡∏ä‡∏±‡∏ô‡∏â‡∏ö‡∏±‡∏ö 3D ‡∏≠‡∏≠‡∏Å‡∏°‡∏≤‡πÅ‡∏•‡πâ‡∏ß‡πÄ‡∏£‡∏µ‡∏¢‡∏ö‡∏£‡πâ‡∏≠‡∏¢‡∏à‡∏≤‡∏Å‡∏ß‡∏¥‡∏î‡∏µ‡πÇ‡∏≠‡∏ô‡∏µ‡πâ ‡πÄ‡∏£‡∏≤‡∏Å‡πá‡∏à‡∏∞‡πÑ‡∏î‡πâ‡πÄ‡∏´‡πá‡∏ô‡πÇ‡∏â‡∏°‡∏´‡∏ô‡πâ‡∏≤‡∏Ç‡∏≠‡∏á Sonic ‡πÅ‡∏ö‡∏ö‡πÄ‡∏ï‡πá‡∏° ‡πÜ ‡∏û‡∏£‡πâ‡∏≠‡∏°‡πÄ‡∏™‡∏µ‡∏¢‡∏á‡∏û‡∏≤‡∏Å‡∏¢‡πå ‡∏ã‡∏∂‡πà‡∏á‡∏Å‡πá‡∏¢‡∏±‡∏á‡∏Ñ‡∏á‡πÄ‡∏≠‡∏Å‡∏•‡∏±‡∏Å‡∏©‡∏ì‡πå‡∏ó‡∏µ‡πà‡πÅ‡∏ü‡∏ô ‡πÜ ‡∏Ñ‡∏∏‡πâ‡∏ô‡πÄ‡∏Ñ‡∏¢‡∏Å‡∏±‡∏ô‡πÑ‡∏ß‡πâ‡∏≠‡∏¢‡πà‡∏≤‡∏á‡∏î‡∏µ ‡πÅ‡∏•‡∏∞‡∏ï‡πâ‡∏≠‡∏á‡∏£‡∏≠‡∏ï‡∏¥‡∏î‡∏ï‡∏≤‡∏°‡∏î‡∏π‡∏£‡∏≤‡∏¢‡∏•‡∏∞‡πÄ‡∏≠‡∏µ‡∏¢‡∏î‡πÄ‡∏û‡∏¥‡πà‡∏°‡πÄ‡∏ï‡∏¥‡∏°‡∏Å‡∏±‡∏ô‡∏ï‡πà‡∏≠‡πÑ‡∏õ‡∏™‡∏≥‡∏´‡∏£‡∏±‡∏ö Sonic Prime ‡∏à‡∏∞‡πÄ‡∏õ‡πá‡∏ô‡∏Ñ‡∏ß‡∏≤‡∏°‡∏£‡πà‡∏ß‡∏°‡∏°‡∏∑‡∏≠‡∏Å‡∏±‡∏ô‡∏Ç‡∏≠‡∏á‡∏ó‡∏≤‡∏á‡∏™‡∏ï‡∏π‡∏î‡∏¥‡πÇ‡∏≠ WildBrain ‡πÅ‡∏•‡∏∞ Man of Action Entertainment, ‡∏ó‡∏µ‡∏°‡∏á‡∏≤‡∏ô‡∏ú‡∏π‡πâ‡∏≠‡∏¢‡∏π‡πà‡πÄ‡∏ö‡∏∑‡πâ‡∏≠‡∏á‡∏´‡∏•‡∏±‡∏á Ben 10 ‡∏£‡∏ß‡∏°‡∏ñ‡∏∂‡∏á‡∏≠‡∏ô‡∏¥‡πÄ‡∏°‡∏ä‡∏±‡∏ô‡∏î‡∏±‡∏î‡πÅ‡∏õ‡∏•‡∏á‡∏à‡∏≤‡∏Å‡∏Å‡∏≤‡∏£‡πå‡∏ï‡∏π‡∏ô Marvel ‡∏≠‡∏µ‡∏Å‡∏°‡∏≤‡∏Å‡∏°‡∏≤‡∏¢‡πÇ‡∏î‡∏¢‡πÄ‡∏£‡∏∑‡πà‡∏≠‡∏á‡∏ô‡∏µ‡πâ‡∏Å‡πá‡∏à‡∏∞‡∏°‡∏µ‡∏Ñ‡∏ß‡∏≤‡∏°‡∏¢‡∏≤‡∏ß‡∏ñ‡∏∂‡∏á 24 ‡∏ï‡∏≠‡∏ô ‡πÅ‡∏•‡∏∞‡∏°‡∏µ‡∏Å‡∏≥‡∏´‡∏ô‡∏î‡∏•‡∏á Netflix ‡∏†‡∏≤‡∏¢‡πÉ‡∏ô‡∏õ‡∏µ‡∏ô‡∏µ‡πâ ‡∏ã‡∏∂‡πà‡∏á‡∏ñ‡πâ‡∏≤‡∏°‡∏µ‡∏ß‡∏¥‡∏î‡∏µ‡πÇ‡∏≠‡∏ï‡∏±‡∏ß‡∏≠‡∏¢‡πà‡∏≤‡∏á‡πÅ‡∏ö‡∏ö‡πÄ‡∏ï‡πá‡∏° ‡πÜ ‡∏≠‡∏≠‡∏Å‡∏°‡∏≤‡πÅ‡∏•‡πâ‡∏ß ‡πÄ‡∏£‡∏≤‡∏Å‡πá‡∏à‡∏∞‡∏°‡∏≤‡∏≠‡∏±‡∏õ‡πÄ‡∏î‡∏ï‡πÉ‡∏´‡πâ‡∏ó‡∏£‡∏≤‡∏ö‡∏Å‡∏±‡∏ô‡∏≠‡∏µ‡∏Å‡∏Ñ‡∏£‡∏±‡πâ‡∏á",th,39.0,
gamingdose,2022/05/04,https://www.gamingdose.com/news/ubisoft-montreal-%e0%b8%9c%e0%b8%b9%e0%b9%89%e0%b9%83%e0%b8%ab%e0%b9%89%e0%b8%81%e0%b8%b3%e0%b9%80%e0%b8%99%e0%b8%b4%e0%b8%94%e0%b9%80%e0%b8%81%e0%b8%a1%e0%b8%95%e0%b9%89%e0%b8%99%e0%b8%89%e0%b8%9a/#comments,Ubisoft Montreal ‡∏ú‡∏π‡πâ‡πÉ‡∏´‡πâ‡∏Å‡∏≥‡πÄ‡∏ô‡∏¥‡∏î‡πÄ‡∏Å‡∏°‡∏ï‡πâ‡∏ô‡∏â‡∏ö‡∏±‡∏ö ‡∏à‡∏∞‡πÄ‡∏Ç‡πâ‡∏≤‡∏°‡∏≤‡∏ô‡∏≥‡∏ó‡∏µ‡∏°‡∏û‡∏±‡∏í‡∏ô‡∏≤ Prince of Persia: The Sands of Time Remake,"‡∏´‡∏•‡∏±‡∏á‡∏õ‡∏£‡∏∞‡∏™‡∏ö‡∏õ‡∏±‡∏ç‡∏´‡∏≤‡πÄ‡∏•‡∏∑‡πà‡∏≠‡∏ô‡πÅ‡∏•‡πâ‡∏ß‡πÄ‡∏•‡∏∑‡πà‡∏≠‡∏ô‡∏≠‡∏µ‡∏Å‡∏à‡∏ô‡∏´‡∏•‡∏≤‡∏¢‡∏Ñ‡∏ô‡πÄ‡∏£‡∏¥‡πà‡∏°‡∏ó‡πâ‡∏≠‡πÉ‡∏à ‡∏•‡πà‡∏≤‡∏™‡∏∏‡∏î Ubisoft ‡∏Å‡πá‡∏õ‡∏£‡∏∞‡∏Å‡∏≤‡∏®‡∏≠‡∏¢‡πà‡∏≤‡∏á‡πÄ‡∏õ‡πá‡∏ô‡∏ó‡∏≤‡∏á‡∏Å‡∏≤‡∏£‡∏ß‡πà‡∏≤ Ubisoft Montreal ‡∏ú‡∏π‡πâ‡πÉ‡∏´‡πâ‡∏Å‡∏≥‡πÄ‡∏ô‡∏¥‡∏î Prince of Persia: The Sands of Time ‡∏ï‡πâ‡∏ô‡∏â‡∏ö‡∏±‡∏ö ‡∏à‡∏∞‡πÄ‡∏Ç‡πâ‡∏≤‡∏°‡∏≤‡∏ô‡∏≥‡∏ó‡∏µ‡∏°‡∏û‡∏±‡∏í‡∏ô‡∏≤‡∏ï‡∏±‡∏ß‡πÄ‡∏Å‡∏°‡∏â‡∏ö‡∏±‡∏ö Remake ‡πÅ‡∏•‡πâ‡∏ß‡πÇ‡∏î‡∏¢‡πÄ‡∏î‡∏¥‡∏°‡∏ó‡∏µ ‡∏ï‡∏±‡∏ß‡πÄ‡∏Å‡∏°‡∏â‡∏ö‡∏±‡∏ö Remake ‡πÄ‡∏õ‡πá‡∏ô‡∏´‡∏ô‡πâ‡∏≤‡∏ó‡∏µ‡πà‡∏Ç‡∏≠‡∏á Ubisoft Pune ‡πÅ‡∏•‡∏∞ Ubisoft Mumbai ‡πÅ‡∏ï‡πà‡∏Å‡πá‡∏Ñ‡∏≤‡∏î‡∏ß‡πà‡∏≤‡∏ó‡∏µ‡∏°‡∏á‡∏≤‡∏ô‡∏Å‡∏≥‡∏•‡∏±‡∏á‡∏õ‡∏£‡∏∞‡∏™‡∏ö‡∏Å‡∏±‡∏ö‡∏õ‡∏±‡∏ç‡∏´‡∏≤‡∏ö‡∏≤‡∏á‡∏≠‡∏¢‡πà‡∏≤‡∏á ‡∏à‡∏∂‡∏á‡∏ó‡∏≥‡πÉ‡∏´‡πâ Ubisoft ‡∏ï‡πâ‡∏≠‡∏á‡∏ï‡∏±‡∏î‡∏™‡∏¥‡∏ô‡πÉ‡∏à‡∏¢‡∏≠‡∏°‡πÄ‡∏™‡∏µ‡∏¢‡πÄ‡∏ß‡∏•‡∏≤‡πÄ‡∏û‡∏¥‡πà‡∏°‡πÅ‡∏•‡∏∞‡∏Å‡∏•‡∏±‡∏ö‡∏°‡∏≤‡∏ï‡∏±‡πâ‡∏á‡∏´‡∏•‡∏±‡∏Å‡∏Å‡∏±‡∏ô‡πÉ‡∏´‡∏°‡πà ‡πÄ‡∏û‡∏∑‡πà‡∏≠‡πÉ‡∏´‡πâ‡πÅ‡∏ô‡πà‡πÉ‡∏à‡∏ß‡πà‡∏≤‡∏°‡∏±‡∏ô‡∏à‡∏∞‡∏°‡∏≠‡∏ö‡∏õ‡∏£‡∏∞‡∏™‡∏ö‡∏Å‡∏≤‡∏£‡∏ì‡πå‡∏ó‡∏µ‡πà‡∏î‡∏µ‡∏ó‡∏µ‡πà‡∏™‡∏∏‡∏î‡∏™‡∏π‡πà‡∏°‡∏∑‡∏≠‡∏Ç‡∏≠‡∏á‡∏ú‡∏π‡πâ‡πÄ‡∏•‡πà‡∏ô‡πÑ‡∏î‡πâ ‡πÄ‡∏°‡∏∑‡πà‡∏≠‡∏ï‡∏±‡∏ß‡πÄ‡∏Å‡∏°‡∏û‡∏£‡πâ‡∏≠‡∏°‡πÅ‡∏•‡πâ‡∏ß‡∏à‡∏£‡∏¥‡∏á ‡πÜPrince of Persia: The Sands of Time Remake ‡∏à‡∏∞‡∏•‡∏á‡πÉ‡∏´‡πâ‡∏Å‡∏±‡∏ö PlayStation 4, Xbox One ‡πÅ‡∏•‡∏∞ PC ‡∏ã‡∏∂‡πà‡∏á‡∏õ‡∏±‡∏à‡∏à‡∏∏‡∏ö‡∏±‡∏ô‡∏¢‡∏±‡∏á‡πÑ‡∏°‡πà‡∏°‡∏µ‡∏Å‡∏≥‡∏´‡∏ô‡∏î‡∏ß‡∏±‡∏ô‡∏ß‡∏≤‡∏á‡∏à‡∏≥‡∏´‡∏ô‡πà‡∏≤‡∏¢‡∏ó‡∏µ‡πà‡∏ä‡∏±‡∏î‡πÄ‡∏à‡∏ôThe development of the Prince Of Persia: The Sands Of Time Remake is now in the hands of Ubisoft Montreal https://t.co/AEpZ8PHUDL‚Äî Nibel (@Nibellion) May 3, 2022",th,53.0,
gamingdose,2022/05/04,https://www.gamingdose.com/news/%e0%b8%ab%e0%b8%a5%e0%b8%b8%e0%b8%94%e0%b8%82%e0%b9%89%e0%b8%ad%e0%b8%a1%e0%b8%b9%e0%b8%a5%e0%b8%a7%e0%b9%88%e0%b8%b2-scarlet-witch-%e0%b8%88%e0%b8%b0%e0%b9%80%e0%b8%82%e0%b9%89%e0%b8%b2%e0%b8%a1/#comments,‡∏´‡∏•‡∏∏‡∏î‡∏Ç‡πâ‡∏≠‡∏°‡∏π‡∏•‡∏ß‡πà‡∏≤ Scarlet Witch ‡∏à‡∏∞‡πÄ‡∏Ç‡πâ‡∏≤‡∏°‡∏≤‡πÄ‡∏õ‡πá‡∏ô‡∏™‡∏Å‡∏¥‡∏ô‡πÉ‡∏ô Fortnite ‡∏ï‡πâ‡∏≠‡∏ô‡∏£‡∏±‡∏ö‡∏Å‡∏≤‡∏£‡∏°‡∏≤‡∏Ç‡∏≠‡∏á‡∏†‡∏≤‡∏û‡∏¢‡∏ô‡∏ï‡∏£‡πå Doctor Strange 2,"iFireMonkey ‡∏°‡∏∑‡∏≠‡∏õ‡∏•‡πà‡∏≠‡∏¢‡∏Ç‡πâ‡∏≠‡∏°‡∏π‡∏•‡∏´‡∏•‡∏∏‡∏î‡∏Ñ‡∏ô‡∏î‡∏±‡∏á‡∏Ç‡∏≠‡∏á‡∏ß‡∏á‡∏Å‡∏≤‡∏£ Fortnite ‡∏≠‡∏≠‡∏Å‡∏°‡∏≤‡πÇ‡∏û‡∏™‡∏ï‡πå‡∏†‡∏≤‡∏û‡πÄ‡∏ô‡πâ‡∏ô ‡πÜ ‡∏ó‡∏µ‡πà‡πÄ‡∏ú‡∏¢‡πÉ‡∏´‡πâ‡πÄ‡∏´‡πá‡∏ô‡∏ß‡πà‡∏≤ Wanda Maximoff ‡∏´‡∏£‡∏∑‡∏≠ ‚ÄúScarlet Witch‚Äù ‡∏à‡∏∞‡πÄ‡∏Ç‡πâ‡∏≤‡∏°‡∏≤‡πÄ‡∏õ‡πá‡∏ô‡∏™‡∏Å‡∏¥‡∏ô‡πÉ‡∏´‡∏°‡πà‡πÉ‡∏ô‡πÄ‡∏Å‡∏°‡∏ô‡∏µ‡πâ‡∏ã‡∏∂‡πà‡∏á‡∏ñ‡πâ‡∏≤‡∏°‡∏≤‡∏à‡∏£‡∏¥‡∏á ‡∏Å‡πá‡∏à‡∏∞‡πÄ‡∏õ‡πá‡∏ô‡∏Å‡∏≤‡∏£‡∏ï‡πâ‡∏≠‡∏ô‡∏£‡∏±‡∏ö‡∏†‡∏≤‡∏û‡∏¢‡∏ô‡∏ï‡∏£‡πå Doctor Strange in the Multiverse of Madness ‡πÑ‡∏î‡πâ‡∏ï‡∏£‡∏á‡∏à‡∏±‡∏á‡∏´‡∏ß‡∏∞‡πÄ‡∏•‡∏¢‡∏ó‡∏µ‡πÄ‡∏î‡∏µ‡∏¢‡∏ß ‡πÅ‡∏•‡∏∞‡∏à‡∏∞‡πÑ‡∏î‡πâ‡∏°‡∏≤‡∏≠‡∏¢‡∏π‡πà‡∏î‡πâ‡∏ß‡∏¢‡∏Å‡∏±‡∏ô‡∏Å‡∏±‡∏ö‡∏™‡∏Å‡∏¥‡∏ô Doctor Strange ‡∏ó‡∏µ‡πà‡πÄ‡∏õ‡∏¥‡∏î‡∏ï‡∏±‡∏ß‡∏°‡∏≤‡∏Å‡πà‡∏≠‡∏ô‡πÅ‡∏•‡πâ‡∏ß‡∏ï‡∏±‡πâ‡∏á‡πÅ‡∏ï‡πà‡∏ä‡πà‡∏ß‡∏á‡∏ï‡πâ‡∏ô Chapter 3 Season 2 ‡∏Ç‡∏≠‡∏á‡πÄ‡∏Å‡∏°‡∏ï‡πâ‡∏≠‡∏á‡∏£‡∏≠‡∏à‡∏±‡∏ö‡∏ï‡∏≤‡∏î‡∏π‡∏Å‡∏±‡∏ô‡∏ß‡πà‡∏≤ Scarlet Witch ‡∏à‡∏∞‡πÄ‡∏Ç‡πâ‡∏≤‡∏°‡∏≤‡∏Ñ‡∏ß‡∏á‡∏õ‡∏∑‡∏ô‡πÅ‡∏à‡∏Å‡∏Å‡∏£‡∏∞‡∏™‡∏∏‡∏ô‡πÉ‡∏ô Fortnite ‡∏Å‡∏±‡∏ô‡∏≠‡∏µ‡∏Å‡∏´‡∏ô‡∏∂‡πà‡∏á‡∏Ñ‡∏ô‡∏´‡∏£‡∏∑‡∏≠‡πÑ‡∏°‡πà ‡πÇ‡∏î‡∏¢‡∏ñ‡πâ‡∏≤‡∏°‡∏µ‡∏ß‡∏¥‡∏î‡∏µ‡πÇ‡∏≠‡πÄ‡∏õ‡∏¥‡∏î‡∏ï‡∏±‡∏ß‡∏≠‡∏≠‡∏Å‡∏°‡∏≤‡πÅ‡∏•‡πâ‡∏ß ‡πÄ‡∏£‡∏≤‡∏Å‡πá‡∏à‡∏∞‡∏°‡∏≤‡∏≠‡∏±‡∏õ‡πÄ‡∏î‡∏ï‡πÉ‡∏´‡πâ‡∏ó‡∏£‡∏≤‡∏ö‡∏Å‡∏±‡∏ô‡∏≠‡∏µ‡∏Å‡∏Ñ‡∏£‡∏±‡πâ‡∏áWanda Maximoff is coming to Fortnite! pic.twitter.com/r1zsbAFnnU‚Äî iFireMonkey (@iFireMonkey) May 3, 2022",th,45.0,
gamingdose,2022/05/04,https://www.gamingdose.com/news/%e0%b8%ab%e0%b8%a5%e0%b8%b8%e0%b8%94%e0%b8%82%e0%b9%89%e0%b8%ad%e0%b8%a1%e0%b8%b9%e0%b8%a5%e0%b8%a7%e0%b9%88%e0%b8%b2-scarlet-witch-%e0%b8%88%e0%b8%b0%e0%b9%80%e0%b8%82%e0%b9%89%e0%b8%b2%e0%b8%a1/,‡∏´‡∏•‡∏∏‡∏î‡∏Ç‡πâ‡∏≠‡∏°‡∏π‡∏•‡∏ß‡πà‡∏≤ Scarlet Witch ‡∏à‡∏∞‡πÄ‡∏Ç‡πâ‡∏≤‡∏°‡∏≤‡πÄ‡∏õ‡πá‡∏ô‡∏™‡∏Å‡∏¥‡∏ô‡πÉ‡∏ô Fortnite ‡∏ï‡πâ‡∏≠‡∏ô‡∏£‡∏±‡∏ö‡∏Å‡∏≤‡∏£‡∏°‡∏≤‡∏Ç‡∏≠‡∏á‡∏†‡∏≤‡∏û‡∏¢‡∏ô‡∏ï‡∏£‡πå Doctor Strange 2,"iFireMonkey ‡∏°‡∏∑‡∏≠‡∏õ‡∏•‡πà‡∏≠‡∏¢‡∏Ç‡πâ‡∏≠‡∏°‡∏π‡∏•‡∏´‡∏•‡∏∏‡∏î‡∏Ñ‡∏ô‡∏î‡∏±‡∏á‡∏Ç‡∏≠‡∏á‡∏ß‡∏á‡∏Å‡∏≤‡∏£ Fortnite ‡∏≠‡∏≠‡∏Å‡∏°‡∏≤‡πÇ‡∏û‡∏™‡∏ï‡πå‡∏†‡∏≤‡∏û‡πÄ‡∏ô‡πâ‡∏ô ‡πÜ ‡∏ó‡∏µ‡πà‡πÄ‡∏ú‡∏¢‡πÉ‡∏´‡πâ‡πÄ‡∏´‡πá‡∏ô‡∏ß‡πà‡∏≤ Wanda Maximoff ‡∏´‡∏£‡∏∑‡∏≠ ‚ÄúScarlet Witch‚Äù ‡∏à‡∏∞‡πÄ‡∏Ç‡πâ‡∏≤‡∏°‡∏≤‡πÄ‡∏õ‡πá‡∏ô‡∏™‡∏Å‡∏¥‡∏ô‡πÉ‡∏´‡∏°‡πà‡πÉ‡∏ô‡πÄ‡∏Å‡∏°‡∏ô‡∏µ‡πâ‡∏ã‡∏∂‡πà‡∏á‡∏ñ‡πâ‡∏≤‡∏°‡∏≤‡∏à‡∏£‡∏¥‡∏á ‡∏Å‡πá‡∏à‡∏∞‡πÄ‡∏õ‡πá‡∏ô‡∏Å‡∏≤‡∏£‡∏ï‡πâ‡∏≠‡∏ô‡∏£‡∏±‡∏ö‡∏†‡∏≤‡∏û‡∏¢‡∏ô‡∏ï‡∏£‡πå Doctor Strange in the Multiverse of Madness ‡πÑ‡∏î‡πâ‡∏ï‡∏£‡∏á‡∏à‡∏±‡∏á‡∏´‡∏ß‡∏∞‡πÄ‡∏•‡∏¢‡∏ó‡∏µ‡πÄ‡∏î‡∏µ‡∏¢‡∏ß ‡πÅ‡∏•‡∏∞‡∏à‡∏∞‡πÑ‡∏î‡πâ‡∏°‡∏≤‡∏≠‡∏¢‡∏π‡πà‡∏î‡πâ‡∏ß‡∏¢‡∏Å‡∏±‡∏ô‡∏Å‡∏±‡∏ö‡∏™‡∏Å‡∏¥‡∏ô Doctor Strange ‡∏ó‡∏µ‡πà‡πÄ‡∏õ‡∏¥‡∏î‡∏ï‡∏±‡∏ß‡∏°‡∏≤‡∏Å‡πà‡∏≠‡∏ô‡πÅ‡∏•‡πâ‡∏ß‡∏ï‡∏±‡πâ‡∏á‡πÅ‡∏ï‡πà‡∏ä‡πà‡∏ß‡∏á‡∏ï‡πâ‡∏ô Chapter 3 Season 2 ‡∏Ç‡∏≠‡∏á‡πÄ‡∏Å‡∏°‡∏ï‡πâ‡∏≠‡∏á‡∏£‡∏≠‡∏à‡∏±‡∏ö‡∏ï‡∏≤‡∏î‡∏π‡∏Å‡∏±‡∏ô‡∏ß‡πà‡∏≤ Scarlet Witch ‡∏à‡∏∞‡πÄ‡∏Ç‡πâ‡∏≤‡∏°‡∏≤‡∏Ñ‡∏ß‡∏á‡∏õ‡∏∑‡∏ô‡πÅ‡∏à‡∏Å‡∏Å‡∏£‡∏∞‡∏™‡∏∏‡∏ô‡πÉ‡∏ô Fortnite ‡∏Å‡∏±‡∏ô‡∏≠‡∏µ‡∏Å‡∏´‡∏ô‡∏∂‡πà‡∏á‡∏Ñ‡∏ô‡∏´‡∏£‡∏∑‡∏≠‡πÑ‡∏°‡πà ‡πÇ‡∏î‡∏¢‡∏ñ‡πâ‡∏≤‡∏°‡∏µ‡∏ß‡∏¥‡∏î‡∏µ‡πÇ‡∏≠‡πÄ‡∏õ‡∏¥‡∏î‡∏ï‡∏±‡∏ß‡∏≠‡∏≠‡∏Å‡∏°‡∏≤‡πÅ‡∏•‡πâ‡∏ß ‡πÄ‡∏£‡∏≤‡∏Å‡πá‡∏à‡∏∞‡∏°‡∏≤‡∏≠‡∏±‡∏õ‡πÄ‡∏î‡∏ï‡πÉ‡∏´‡πâ‡∏ó‡∏£‡∏≤‡∏ö‡∏Å‡∏±‡∏ô‡∏≠‡∏µ‡∏Å‡∏Ñ‡∏£‡∏±‡πâ‡∏áWanda Maximoff is coming to Fortnite! pic.twitter.com/r1zsbAFnnU‚Äî iFireMonkey (@iFireMonkey) May 3, 2022",th,45.0,Positive
gamingdose,2022/05/04,https://www.gamingdose.com/news/%e0%b9%80%e0%b8%9c%e0%b8%a2%e0%b8%95%e0%b8%b1%e0%b8%a7%e0%b8%ad%e0%b8%a2%e0%b9%88%e0%b8%b2%e0%b8%87-fortnite-%e0%b8%a3%e0%b8%b1%e0%b8%9a%e0%b8%a7%e0%b8%b1%e0%b8%99%e0%b8%aa%e0%b8%95%e0%b8%b2%e0%b8%a3/,‡πÄ‡∏ú‡∏¢‡∏ï‡∏±‡∏ß‡∏≠‡∏¢‡πà‡∏≤‡∏á Fortnite ‡∏£‡∏±‡∏ö‡∏ß‡∏±‡∏ô‡∏™‡∏ï‡∏≤‡∏£‡πå‡∏ß‡∏≠‡∏£‡πå‡∏™ ‡∏û‡∏£‡πâ‡∏≠‡∏°‡∏ö‡∏≠‡∏Å‡πÉ‡∏ö‡πâ‡∏ñ‡∏∂‡∏á‡∏Å‡∏≤‡∏£‡∏°‡∏≤‡∏Ç‡∏≠‡∏á‡∏™‡∏Å‡∏¥‡∏ô Obi-Wan Kenobi,"‡πÉ‡∏Å‡∏•‡πâ‡∏à‡∏∞‡∏ñ‡∏∂‡∏á‡∏ß‡∏±‡∏ô Star Wars (4 ‡∏û‡∏§‡∏©‡∏†‡∏≤‡∏Ñ‡∏°) ‡∏ó‡∏±‡πâ‡∏á‡∏ó‡∏µ ‡πÄ‡∏Å‡∏°‡∏®‡∏π‡∏ô‡∏¢‡πå‡∏£‡∏ß‡∏°‡∏õ‡πá‡∏≠‡∏õ‡∏Ñ‡∏±‡∏•‡πÄ‡∏à‡∏≠‡∏£‡πå‡∏≠‡∏¢‡πà‡∏≤‡∏á Fortnite ‡∏Å‡πá‡πÑ‡∏°‡πà‡∏û‡∏•‡∏≤‡∏î‡∏ó‡∏µ‡πà‡∏à‡∏∞‡∏õ‡∏•‡πà‡∏≠‡∏¢‡∏≠‡∏±‡∏õ‡πÄ‡∏î‡∏ï‡πÉ‡∏´‡∏°‡πà ‡πÄ‡∏û‡∏∑‡πà‡∏≠‡πÄ‡∏â‡∏•‡∏¥‡∏°‡∏â‡∏•‡∏≠‡∏á‡πÅ‡∏ü‡∏ô ‡πÜ ‡πÅ‡∏•‡πâ‡∏ß ‡∏û‡∏£‡πâ‡∏≠‡∏°‡∏ö‡∏≠‡∏Å‡πÉ‡∏ö‡πâ‡∏ñ‡∏∂‡∏á‡∏Å‡∏≤‡∏£‡∏°‡∏≤‡∏Ç‡∏≠‡∏á‡∏™‡∏Å‡∏¥‡∏ô Obi-Wan Kenobi ‡∏†‡∏≤‡∏¢‡πÉ‡∏ô‡πÄ‡∏Å‡∏°Returning to Fortnite from a galaxy far, far away‚Ä¶Lightsabers are back! Hop in now to use the Lightsaber item, complete limited time quests, and more!Access more: https://t.co/WEl1rwsefc pic.twitter.com/GtKS2ikoAw‚Äî Fortnite (@FortniteGame) May 3, 2022‡∏à‡∏≤‡∏Å‡∏ï‡∏±‡∏ß‡∏≠‡∏¢‡πà‡∏≤‡∏á‡∏ô‡∏µ‡πâ ‡∏Å‡πá‡πÄ‡∏õ‡πá‡∏ô‡∏Å‡∏≤‡∏£‡∏¢‡∏∑‡∏ô‡∏¢‡∏±‡∏ô‡∏ß‡πà‡∏≤‡∏à‡∏∞‡∏°‡∏µ Lightsaber 4 ‡∏™‡∏µ‡πÉ‡∏´‡πâ‡πÑ‡∏î‡πâ‡πÉ‡∏ä‡πâ‡∏Å‡∏±‡∏ô ‡πÑ‡∏î‡πâ‡πÅ‡∏Å‡πà‡∏™‡∏µ‡∏ô‡πâ‡∏≥‡πÄ‡∏á‡∏¥‡∏ô, ‡∏™‡∏µ‡πÅ‡∏î‡∏á, ‡∏™‡∏µ‡πÄ‡∏Ç‡∏µ‡∏¢‡∏ß ‡πÅ‡∏•‡∏∞‡∏™‡∏µ‡∏°‡πà‡∏ß‡∏á ‡πÇ‡∏î‡∏¢ Lightsaber ‡∏Å‡πá‡∏à‡∏∞‡∏°‡∏µ‡∏Ñ‡∏∏‡∏ì‡∏™‡∏°‡∏ö‡∏±‡∏ï‡∏¥‡∏û‡∏¥‡πÄ‡∏®‡∏© ‡∏™‡∏≤‡∏°‡∏≤‡∏£‡∏ñ‡∏õ‡∏±‡∏î‡∏Å‡∏£‡∏∞‡∏™‡∏∏‡∏ô‡∏ó‡∏µ‡πà‡πÄ‡∏õ‡πá‡∏ô‡πÄ‡∏•‡πÄ‡∏ã‡∏≠‡∏£‡πå‡πÑ‡∏î‡πâ‡∏≠‡∏µ‡∏Å‡∏î‡πâ‡∏ß‡∏¢‡∏™‡πà‡∏ß‡∏ô‡∏™‡∏Å‡∏¥‡∏ô Obi-Wan Kenobi ‡∏Å‡πá‡∏Ñ‡∏≤‡∏î‡∏ß‡πà‡∏≤‡∏à‡∏∞‡∏≠‡∏±‡∏õ‡πÄ‡∏î‡∏ï‡πÄ‡∏Ç‡πâ‡∏≤‡∏°‡∏≤‡∏û‡∏£‡πâ‡∏≠‡∏° ‡πÜ ‡∏Å‡∏±‡∏ô‡∏†‡∏≤‡∏¢‡πÉ‡∏ô‡∏ß‡∏±‡∏ô‡∏û‡∏£‡∏∏‡πà‡∏á‡∏ô‡∏µ‡πâ ‡πÉ‡∏Ñ‡∏£‡∏ó‡∏µ‡πà‡∏™‡∏ô‡πÉ‡∏à‡∏Å‡πá‡πÄ‡∏ï‡∏£‡∏µ‡∏¢‡∏°‡∏£‡∏≠‡∏ä‡∏°‡∏ß‡∏¥‡∏î‡∏µ‡πÇ‡∏≠‡πÄ‡∏õ‡∏¥‡∏î‡∏ï‡∏±‡∏ß‡∏Å‡∏±‡∏ô‡πÑ‡∏î‡πâ‡πÄ‡∏•‡∏¢‡πÑ‡∏°‡πà‡∏ô‡∏≤‡∏ô‡πÄ‡∏Å‡∏¥‡∏ô‡∏£‡∏≠",th,63.0,Positive
gamingdose,2022/05/04,https://www.gamingdose.com/news/riot-%e0%b8%ad%e0%b8%a2%e0%b8%b2%e0%b8%81%e0%b9%83%e0%b8%ab%e0%b9%89%e0%b8%88%e0%b8%b1%e0%b8%87%e0%b8%ab%e0%b8%a7%e0%b8%b0%e0%b8%81%e0%b8%b2%e0%b8%a3%e0%b8%95%e0%b9%88%e0%b8%ad%e0%b8%aa%e0%b8%b9/#comments,Riot ‡∏≠‡∏¢‡∏≤‡∏Å‡πÉ‡∏´‡πâ‡∏à‡∏±‡∏á‡∏´‡∏ß‡∏∞‡∏Å‡∏≤‡∏£‡∏ï‡πà‡∏≠‡∏™‡∏π‡πâ‡πÉ‡∏ô‡πÄ‡∏Å‡∏° League of Legends ‡∏ä‡πâ‡∏≤‡∏•‡∏á‡∏Å‡∏ß‡πà‡∏≤‡∏ó‡∏µ‡πà‡πÄ‡∏õ‡πá‡∏ô‡∏≠‡∏¢‡∏π‡πà‡∏ï‡∏≠‡∏ô‡∏ô‡∏µ‡πâ,League of Legends ‡∏Ñ‡∏∑‡∏≠‡πÄ‡∏Å‡∏° MOBA ‡∏ó‡∏µ‡πà‡∏°‡∏µ‡∏≠‡∏≤‡∏¢‡∏∏‡∏Å‡∏ß‡πà‡∏≤ 13 ‡∏õ‡∏µ‡πÄ‡∏Ç‡πâ‡∏≤‡πÑ‡∏õ‡πÅ‡∏•‡πâ‡∏ß ‡πÅ‡∏•‡∏∞‡∏°‡∏±‡∏ô‡∏≠‡∏≤‡∏à‡∏à‡∏∞‡∏ï‡πâ‡∏≠‡∏á‡∏Å‡∏≤‡∏£‡πÄ‡∏õ‡∏•‡∏µ‡πà‡∏¢‡∏ô‡πÅ‡∏õ‡∏•‡∏á‡∏≠‡∏∞‡πÑ‡∏£‡∏ö‡∏≤‡∏á‡∏≠‡∏¢‡πà‡∏≤‡∏á‡∏à‡∏≤‡∏Å‡∏ó‡∏µ‡∏°‡∏ú‡∏π‡πâ‡∏û‡∏±‡∏í‡∏ô‡∏≤‡πÉ‡∏Ñ‡∏£‡∏ó‡∏µ‡πà‡πÄ‡∏Ñ‡∏¢‡πÄ‡∏•‡πà‡∏ô LoL ‡∏à‡∏∞‡∏£‡∏π‡πâ‡∏Å‡∏±‡∏ô‡∏î‡∏µ‡∏ß‡πà‡∏≤‡∏ô‡∏µ‡πà‡πÄ‡∏õ‡πá‡∏ô‡πÄ‡∏Å‡∏°‡∏ó‡∏µ‡πà‡∏°‡∏µ‡∏™‡∏õ‡∏µ‡∏î‡∏Å‡∏≤‡∏£‡∏ï‡πà‡∏≠‡∏™‡∏π‡πâ‡∏ó‡∏µ‡πà‡∏Ñ‡πà‡∏≠‡∏ô‡∏Ç‡πâ‡∏≤‡∏á‡πÄ‡∏£‡πá‡∏ß‡∏û‡∏≠‡∏™‡∏°‡∏Ñ‡∏ß‡∏£ ‡πÅ‡∏•‡∏∞‡∏ï‡∏≠‡∏ô‡∏ô‡∏µ‡πâ‡∏ó‡∏≤‡∏á Riot ‡∏ï‡πâ‡∏≠‡∏á‡∏Å‡∏≤‡∏£‡∏ó‡∏µ‡πà‡∏à‡∏∞‡∏ó‡∏≥‡πÉ‡∏´‡πâ‡∏°‡∏±‡∏ô‡∏ä‡πâ‡∏≤‡∏•‡∏á‡∏™‡∏±‡∏Å‡∏´‡∏ô‡πà‡∏≠‡∏¢ ‡πÉ‡∏ô‡∏´‡∏±‡∏ß‡∏Ç‡πâ‡∏≠‡∏ö‡∏ô‡πÄ‡∏ß‡πá‡∏ö‡πÑ‡∏ã‡∏ï‡πå Reddit ‡∏•‡πà‡∏≤‡∏™‡∏∏‡∏î‡∏Ç‡∏≠‡∏á Riot ‡∏ô‡∏±‡πâ‡∏ô Bryan Salvatore ‡∏´‡∏ô‡∏∂‡πà‡∏á‡πÉ‡∏ô‡∏ô‡∏±‡∏Å‡∏≠‡∏≠‡∏Å‡πÅ‡∏ö‡∏ö‡πÄ‡∏Å‡∏°‡πÄ‡∏û‡∏•‡∏¢‡πå‡∏≠‡∏≠‡∏Å‡∏°‡∏≤‡πÄ‡∏õ‡∏¥‡∏î‡πÄ‡∏ú‡∏¢‡∏ß‡πà‡∏≤ ‡∏ï‡∏≠‡∏ô‡∏ô‡∏µ‡πâ‡∏à‡∏∏‡∏î‡∏õ‡∏£‡∏∞‡∏™‡∏á‡∏Ñ‡πå‡∏Ç‡∏≠‡∏á‡∏ó‡∏µ‡∏°‡∏á‡∏≤‡∏ô‡∏Ñ‡∏∑‡∏≠ ‡∏ó‡∏≥‡πÉ‡∏´‡πâ‡πÄ‡∏Å‡∏°‡∏Å‡∏≤‡∏£‡πÄ‡∏•‡πà‡∏ô‡πÅ‡∏•‡∏∞‡∏Å‡∏≤‡∏£‡∏ï‡πà‡∏≠‡∏™‡∏π‡πâ‡∏î‡∏π‡∏ä‡πâ‡∏≤‡∏•‡∏áDot Esports ‡∏ß‡∏¥‡πÄ‡∏Ñ‡∏£‡∏≤‡∏∞‡∏´‡πå‡∏ß‡πà‡∏≤ ‡∏ï‡∏≠‡∏ô‡∏ô‡∏µ‡πâ‡πÉ‡∏ô‡∏ó‡∏µ‡∏°‡πÑ‡∏ü‡∏ó‡πå‡πÉ‡∏´‡∏ç‡πà ‡πÜ ‡∏Ç‡∏≠‡∏á League of Legends ‡∏ô‡∏±‡πâ‡∏ô ‡πÉ‡∏ä‡πâ‡πÄ‡∏ß‡∏•‡∏≤‡∏õ‡∏£‡∏∞‡∏°‡∏≤‡∏ì 14 ‡∏ß‡∏¥‡∏ô‡∏≤‡∏ó‡∏µ ‡πÄ‡∏°‡∏∑‡πà‡∏≠‡πÄ‡∏ó‡∏µ‡∏¢‡∏ö‡∏Å‡∏±‡∏ö‡∏õ‡∏µ‡∏Å‡πà‡∏≠‡∏ô ‡∏ó‡∏µ‡πà‡∏ö‡∏≤‡∏á‡∏Ñ‡∏£‡∏±‡πâ‡∏á‡∏Å‡πá‡∏¢‡∏≤‡∏ß‡∏Å‡πà‡∏≤ 1 ‡∏ô‡∏≤‡∏ó‡∏µ‡πÄ‡∏ï‡πá‡∏° Salvatore ‡∏Ñ‡∏¥‡∏î‡∏ß‡πà‡∏≤‡∏°‡∏±‡∏ô‡πÄ‡∏£‡πá‡∏ß‡πÑ‡∏õ ‡πÅ‡∏•‡∏∞‡πÅ‡∏°‡πâ‡∏à‡∏∞‡πÑ‡∏°‡πà‡πÑ‡∏î‡πâ‡πÄ‡∏ú‡∏¢‡∏°‡∏≤‡∏ï‡∏£‡∏á ‡πÜ ‡πÅ‡∏ï‡πà‡∏ó‡∏≤‡∏á Riot ‡∏≠‡∏≤‡∏à‡∏Å‡∏≥‡∏•‡∏±‡∏á‡∏õ‡∏£‡∏±‡∏ö‡∏õ‡∏£‡∏∏‡∏á‡∏Å‡∏•‡πÑ‡∏Å‡πÉ‡∏´‡πâ‡∏Å‡∏≤‡∏£‡∏ï‡πà‡∏≠‡∏™‡∏π‡πâ‡∏ä‡πâ‡∏≤‡∏•‡∏á ‡πÅ‡∏•‡∏∞‡∏≠‡∏≤‡∏à‡∏°‡∏µ‡∏Å‡∏≤‡∏£‡πÄ‡∏ô‡∏¥‡∏£‡πå‡∏ü‡∏î‡∏≤‡πÄ‡∏°‡∏à‡πÅ‡∏ö‡∏ö‡∏ß‡∏á‡∏Å‡∏ß‡πâ‡∏≤‡∏á‡πÄ‡∏£‡∏≤‡πÄ‡∏ä‡∏∑‡πà‡∏≠‡∏ß‡πà‡∏≤ League of Legends ‡∏ô‡∏±‡πâ‡∏ô ‡∏î‡∏µ‡∏ó‡∏µ‡πà‡∏™‡∏∏‡∏î‡πÄ‡∏°‡∏∑‡πà‡∏≠‡∏°‡∏±‡∏ô‡∏£‡∏ß‡∏î‡πÄ‡∏£‡πá‡∏ß‡πÅ‡∏•‡∏∞‡∏ô‡πà‡∏≤‡∏ï‡∏∑‡πà‡∏ô‡πÄ‡∏ï‡πâ‡∏ô ‡πÅ‡∏ï‡πà‡∏ú‡∏°‡∏Ñ‡∏¥‡∏î‡∏ß‡πà‡∏≤‡∏°‡∏±‡∏ô‡∏≠‡∏≤‡∏à‡∏à‡∏∞‡πÅ‡∏ü‡∏£‡πå‡∏ó‡∏µ‡πà‡∏à‡∏∞‡∏ö‡∏≠‡∏Å‡πÑ‡∏î‡πâ‡∏ß‡πà‡∏≤‡πÄ‡∏Å‡∏¥‡∏î‡∏≠‡∏∞‡πÑ‡∏£‡∏Ç‡∏∂‡πâ‡∏ô‡πÉ‡∏ô‡πÑ‡∏ü‡∏ó‡πå‡∏ô‡∏±‡πâ‡∏ô‡∏ö‡πâ‡∏≤‡∏á ‡πÄ‡∏£‡∏≤‡πÇ‡∏î‡∏ô‡∏≠‡∏∞‡πÑ‡∏£‡∏Ü‡πà‡∏≤ ‡πÄ‡∏£‡∏≤‡∏ï‡πâ‡∏≠‡∏á‡∏ó‡∏≥‡∏¢‡∏±‡∏á‡πÑ‡∏á‡∏ñ‡∏∂‡∏á‡∏à‡∏∞‡∏ï‡πà‡∏≤‡∏á‡∏≠‡∏≠‡∏Å‡πÑ‡∏õ‡πÄ‡∏Ç‡∏≤‡πÄ‡∏ú‡∏¢‡∏ß‡πà‡∏≤ ‡πÅ‡∏°‡πâ‡∏ß‡πà‡∏≤ Mage / Support ‡∏à‡∏∞‡πÑ‡∏°‡πà‡πÉ‡∏ä‡πà‡∏à‡∏∏‡∏î‡∏õ‡∏£‡∏∞‡∏™‡∏á‡∏Ñ‡πå‡∏´‡∏•‡∏±‡∏Å‡πÉ‡∏ô‡∏Å‡∏≤‡∏£‡∏õ‡∏£‡∏±‡∏ö‡∏ï‡∏≠‡∏ô‡∏ô‡∏µ‡πâ ‡πÅ‡∏°‡πâ‡∏ß‡πà‡∏≤‡∏°‡∏±‡∏ô‡∏à‡∏∞‡∏ó‡∏≥‡∏î‡∏≤‡πÄ‡∏°‡∏à‡πÑ‡∏î‡πâ‡πÄ‡∏ß‡∏≠‡∏£‡πå‡∏ß‡∏±‡∏á‡∏°‡∏≤‡∏Å ‡πÜ ‡∏ã‡∏∂‡πà‡∏á‡∏ï‡πà‡∏≠‡∏à‡∏≤‡∏Å‡∏ô‡∏µ‡πâ‡∏ï‡πâ‡∏≠‡∏á‡∏£‡∏≠‡∏î‡∏π‡∏ß‡πà‡∏≤‡∏Å‡∏•‡πÑ‡∏Å‡∏Å‡∏≤‡∏£‡∏õ‡∏£‡∏±‡∏ö‡∏Ç‡∏≠‡∏á Riot ‡∏ô‡∏±‡πâ‡∏ô ‡∏à‡∏∞‡∏≠‡∏≠‡∏Å‡∏°‡∏≤‡πÉ‡∏ô‡∏£‡∏π‡∏õ‡πÅ‡∏ö‡∏ö‡πÑ‡∏´‡∏ô ‡πÅ‡∏ü‡∏ô ‡πÜ League of Legends ‡∏≠‡∏≤‡∏à‡∏à‡∏∞‡πÑ‡∏î‡πâ‡∏™‡∏±‡∏°‡∏ú‡∏±‡∏™‡∏Å‡∏±‡∏ö‡πÄ‡∏Å‡∏°‡πÄ‡∏û‡∏•‡∏¢‡πå‡∏ó‡∏µ‡πà‡∏ä‡πâ‡∏≤‡∏•‡∏á‡∏ó‡∏µ‡∏•‡∏∞‡∏ô‡∏¥‡∏î ‡πÜ ‡∏Å‡πá‡πÑ‡∏î‡πâ ‡∏ã‡∏∂‡πà‡∏á‡πÄ‡∏£‡∏≤‡∏ï‡πâ‡∏≠‡∏á‡∏£‡∏≠‡∏ï‡∏¥‡∏î‡∏ï‡∏≤‡∏°‡∏Ç‡πà‡∏≤‡∏ß‡∏™‡∏≤‡∏£‡∏Å‡∏±‡∏ô‡∏ï‡πà‡∏≠‡πÑ‡∏õ,th,56.0,
gamingdose,2022/05/04,https://www.gamingdose.com/news/%e0%b9%81%e0%b8%9f%e0%b8%99-nba-%e0%b8%9e%e0%b8%9a-ben-simmons-%e0%b8%99%e0%b8%b1%e0%b8%81%e0%b8%81%e0%b8%b5%e0%b8%ac%e0%b8%b2%e0%b8%9a%e0%b8%b2%e0%b8%aa%e0%b8%af-%e0%b8%8a%e0%b8%b7%e0%b9%88%e0%b8%ad/,‡πÅ‡∏ü‡∏ô NBA ‡∏û‡∏ö Ben Simmons ‡∏ô‡∏±‡∏Å‡∏Å‡∏µ‡∏¨‡∏≤‡∏ö‡∏≤‡∏™‡∏Ø ‡∏ä‡∏∑‡πà‡∏≠‡∏î‡∏±‡∏á ‡∏ï‡∏¥‡∏î‡πÄ‡∏Å‡∏°‡πÄ‡∏•‡πà‡∏ô Call of Duty: Modern Warfare ‡∏ï‡∏¥‡∏î‡∏ï‡πà‡∏≠ 23 ‡∏ä‡∏±‡πà‡∏ß‡πÇ‡∏°‡∏á‡πÇ‡∏î‡∏¢‡πÑ‡∏°‡πà‡∏°‡∏µ‡∏û‡∏±‡∏Å,"‡∏ô‡∏±‡∏Å‡∏Å‡∏µ‡∏¨‡∏≤‡∏ö‡∏≤‡∏™‡πÄ‡∏Å‡∏ï‡∏ö‡∏≠‡∏•‡∏£‡∏∞‡∏î‡∏±‡∏ö‡∏ã‡∏π‡πÄ‡∏õ‡∏≠‡∏£‡πå‡∏™‡∏ï‡∏≤‡∏£‡πå ‡∏ï‡∏¥‡∏î Call of Duty ‡πÄ‡∏•‡πà‡∏ô‡∏ô‡∏≤‡∏ô‡∏ï‡∏¥‡∏î‡∏ï‡πà‡∏≠‡∏Å‡∏±‡∏ô‡∏´‡∏•‡∏≤‡∏¢‡∏ä‡∏±‡πà‡∏ß‡πÇ‡∏°‡∏á ‡πÅ‡∏•‡∏∞‡∏î‡∏π‡πÄ‡∏´‡∏°‡∏∑‡∏≠‡∏ô‡∏ß‡πà‡∏≤‡πÅ‡∏ü‡∏ô ‡πÜ NBA ‡∏ö‡∏≤‡∏á‡∏Ñ‡∏ô‡∏à‡∏∞‡πÑ‡∏°‡πà‡∏õ‡∏•‡∏∑‡πâ‡∏°‡∏™‡∏±‡∏Å‡πÄ‡∏ó‡πà‡∏≤‡πÑ‡∏´‡∏£‡πà‡∏ô‡∏±‡∏Å‡πÄ‡∏°‡∏∑‡πà‡∏≠‡∏ß‡∏±‡∏ô‡∏ó‡∏µ‡πà 29 ‡πÄ‡∏°‡∏©‡∏≤‡∏¢‡∏ô‡∏ó‡∏µ‡πà‡∏ú‡πà‡∏≤‡∏ô‡∏°‡∏≤ ‡∏°‡∏µ‡∏ä‡∏≤‡∏ß Discord ‡πÉ‡∏ô‡∏ä‡πà‡∏≠‡∏á Seth Curry ‡∏Ñ‡πâ‡∏ô‡∏û‡∏ö‡∏ß‡πà‡∏≤ Ben Simmons ‡∏ô‡∏±‡∏Å‡∏Å‡∏µ‡∏¨‡∏≤‡∏ö‡∏≤‡∏™‡πÄ‡∏Å‡∏ï‡∏ö‡∏≠‡∏•‡∏£‡∏∞‡∏î‡∏±‡∏ö NBA ‡πÉ‡∏ô‡∏™‡πÇ‡∏°‡∏™‡∏£ Brooklyn Nets¬†‡πÑ‡∏î‡πâ‡∏ó‡∏≥‡∏Å‡∏≤‡∏£‡∏≠‡∏≠‡∏ô‡πÑ‡∏•‡∏ô‡πå‡∏ú‡πà‡∏≤‡∏ô PlayStation Network ‡πÅ‡∏•‡πâ‡∏ß‡πÄ‡∏•‡πà‡∏ô‡πÄ‡∏Å‡∏° Call of Duty: Modern Warfare ‡∏ï‡∏¥‡∏î‡∏ï‡πà‡∏≠‡∏Å‡∏±‡∏ô‡∏ô‡∏≤‡∏ô‡∏ñ‡∏∂‡∏á 23 ‡∏ä‡∏±‡πà‡∏ß‡πÇ‡∏°‡∏á 3 ‡∏ô‡∏≤‡∏ó‡∏µ‡∏´‡∏≤‡∏Å‡∏°‡∏≠‡∏á‡∏Ç‡πâ‡∏≤‡∏°‡πÄ‡∏£‡∏∑‡πà‡∏≠‡∏á‡∏Å‡∏≤‡∏£‡πÄ‡∏•‡πà‡∏ô‡πÄ‡∏Å‡∏°‡∏ô‡∏≤‡∏ô‡∏ï‡∏¥‡∏î‡∏ï‡πà‡∏≠‡∏Å‡∏±‡∏ô 23 ‡∏ä‡∏±‡πà‡∏ß‡πÇ‡∏°‡∏á ‡∏ú‡∏π‡πâ‡πÄ‡∏•‡πà‡∏ô‡∏´‡∏•‡∏≤‡∏¢‡∏Ñ‡∏ô‡∏≠‡∏≤‡∏à‡∏°‡∏≠‡∏á‡∏ß‡πà‡∏≤‡πÄ‡∏õ‡πá‡∏ô‡πÄ‡∏£‡∏∑‡πà‡∏≠‡∏á‡∏õ‡∏Å‡∏ï‡∏¥‡∏ó‡∏µ‡πà‡∏ö‡∏≤‡∏á‡∏ä‡πà‡∏ß‡∏á‡πÄ‡∏ß‡∏•‡∏≤ ‡∏ô‡∏±‡∏Å‡∏Å‡∏µ‡∏¨‡∏≤‡∏à‡∏∞‡πÉ‡∏ä‡πâ‡πÄ‡∏ß‡∏•‡∏≤‡∏ß‡πà‡∏≤‡∏á‡πÄ‡∏•‡πà‡∏ô‡πÄ‡∏Å‡∏°‡∏£‡∏∞‡∏´‡∏ß‡πà‡∏≤‡∏á‡∏Å‡∏≤‡∏£‡∏û‡∏±‡∏Å‡∏ú‡πà‡∏≠‡∏ô ‡πÅ‡∏ï‡πà‡∏≠‡∏¢‡πà‡∏≤‡∏á‡πÑ‡∏£‡∏Å‡πá‡∏ï‡∏≤‡∏° ‡∏ï‡∏≠‡∏ô‡∏ô‡∏µ‡πâ Ben Simmons ‡∏Å‡∏≥‡∏•‡∏±‡∏á‡∏°‡∏µ‡∏ä‡∏∑‡πà‡∏≠‡πÄ‡∏™‡∏µ‡∏¢‡∏á‡∏ó‡∏µ‡πà‡πÑ‡∏°‡πà‡∏î‡∏µ‡πÉ‡∏ô‡∏î‡πâ‡∏≤‡∏ô‡∏û‡∏§‡∏ï‡∏¥‡∏Å‡∏£‡∏£‡∏° ‚Äú‡∏Ç‡∏≤‡∏î‡∏Ñ‡∏ß‡∏≤‡∏°‡πÄ‡∏õ‡πá‡∏ô‡∏ô‡∏±‡∏Å‡∏Å‡∏µ‡∏¨‡∏≤‡∏ó‡∏µ‡πà‡∏î‡∏µ‚Äù ‡πÄ‡∏ä‡πà‡∏ô ‡πÇ‡∏î‡∏î‡∏Å‡∏≤‡∏£‡∏ù‡∏∂‡∏Å‡∏ã‡πâ‡∏≠‡∏°‡∏ö‡πà‡∏≠‡∏¢ ‡πÑ‡∏°‡πà‡∏¢‡∏≠‡∏°‡πÄ‡∏Ç‡πâ‡∏≤‡∏£‡πà‡∏ß‡∏°‡πÅ‡∏Ç‡πà‡∏á‡∏Ç‡∏±‡∏ô ‡πÅ‡∏•‡∏∞‡∏•‡πà‡∏≤‡∏™‡∏∏‡∏î ‡πÄ‡∏Ç‡∏≤‡∏Å‡πá‡πÑ‡∏°‡πà‡πÑ‡∏î‡πâ‡πÄ‡∏Ç‡πâ‡∏≤‡πÅ‡∏Ç‡πà‡∏á‡∏Ç‡∏±‡∏ô‡∏ä‡πà‡∏ß‡∏á Playoffs ‡πÇ‡∏î‡∏¢‡∏≠‡πâ‡∏≤‡∏á‡∏ß‡πà‡∏≤ ‚Äú‡∏°‡∏µ‡∏≠‡∏≤‡∏Å‡∏≤‡∏£‡∏ö‡∏≤‡∏î‡πÄ‡∏à‡πá‡∏ö‡∏ó‡∏µ‡πà‡∏™‡πà‡∏ß‡∏ô‡∏´‡∏•‡∏±‡∏á‚ÄùBen Simmons is 23 hours deep on his Call Of Duty game.h/t Seth Curry's discord server (link in replies) pic.twitter.com/mPNuCZlPSA‚Äî Broad Street Buddies (@BroadStBuddies) April 10, 2022‡∏´‡∏•‡∏±‡∏á‡∏à‡∏≤‡∏Å‡πÅ‡∏ü‡∏ô NBA ‡∏ö‡∏≤‡∏á‡∏™‡πà‡∏ß‡∏ô‡∏û‡∏ö‡∏ß‡πà‡∏≤ Ben Simmons ‡∏´‡∏°‡∏î‡πÄ‡∏ß‡∏•‡∏≤‡πÑ‡∏õ‡∏Å‡∏±‡∏ö‡∏Å‡∏≤‡∏£‡πÄ‡∏•‡πà‡∏ô‡πÄ‡∏Å‡∏° Call of Duty: Modern Warfare 23 ‡∏ä‡∏±‡πà‡∏ß‡πÇ‡∏°‡∏á ‡∏ó‡∏≥‡πÉ‡∏´‡πâ‡πÄ‡∏Ç‡∏≤‡πÇ‡∏î‡∏ô‡∏ß‡∏¥‡∏û‡∏≤‡∏Å‡∏©‡πå‡∏ß‡∏¥‡∏à‡∏≤‡∏£‡∏ì‡πå‡∏ß‡πà‡∏≤‡πÄ‡∏û‡∏¥‡πà‡∏á‡πÄ‡∏ã‡πá‡∏ô‡∏™‡∏±‡∏ç‡∏ç‡∏≤‡πÄ‡∏Ç‡πâ‡∏≤‡∏°‡∏≤‡∏≠‡∏¢‡∏π‡πà‡∏Å‡∏±‡∏ö‡∏™‡πÇ‡∏°‡∏™‡∏£ Brooklyn Nets ‡πÅ‡∏•‡∏∞‡∏ó‡∏µ‡∏°‡∏≠‡∏¢‡∏π‡πà‡∏£‡∏∞‡∏´‡∏ß‡πà‡∏≤‡∏á‡∏Å‡∏≤‡∏£‡πÅ‡∏Ç‡πà‡∏á‡∏Ç‡∏±‡∏ô Playoff ‡πÅ‡∏ï‡πà‡πÄ‡∏Ç‡∏≤‡∏Å‡∏•‡∏±‡∏ö‡πÄ‡∏≠‡∏≤‡πÅ‡∏ï‡πà‡πÄ‡∏•‡πà‡∏ô‡πÄ‡∏Å‡∏°‡πÉ‡∏ô‡∏£‡∏∞‡∏´‡∏ß‡πà‡∏≤‡∏á‡∏£‡∏±‡∏Å‡∏©‡∏≤‡∏≠‡∏≤‡∏Å‡∏≤‡∏£‡∏ö‡∏≤‡∏î‡πÄ‡∏à‡πá‡∏ö ‡πÅ‡∏•‡∏∞‡πÑ‡∏°‡πà‡∏°‡∏µ‡πÉ‡∏Ñ‡∏£‡∏ó‡∏£‡∏≤‡∏ö‡∏ß‡πà‡∏≤ Simmons ‡∏û‡∏±‡∏Å‡πÄ‡∏û‡∏£‡∏≤‡∏∞‡∏ö‡∏≤‡∏î‡πÄ‡∏à‡πá‡∏ö‡∏à‡∏£‡∏¥‡∏á ‡πÜ ‡∏´‡∏£‡∏∑‡∏≠‡πÅ‡∏Ñ‡πà‡∏Å‡∏•‡πà‡∏≤‡∏ß‡∏≠‡πâ‡∏≤‡∏á‡πÄ‡∏û‡∏∑‡πà‡∏≠‡πÑ‡∏°‡πà‡∏≠‡∏¢‡∏≤‡∏Å‡∏•‡∏á‡πÄ‡∏•‡πà‡∏ô‡πÅ‡∏Ç‡πà‡∏á‡∏Ç‡∏±‡∏ô‡∏≠‡∏¢‡πà‡∏≤‡∏á‡πÑ‡∏£‡∏Å‡πá‡∏ï‡∏≤‡∏° ‡πÅ‡∏ü‡∏ô NBA ‡∏ö‡∏≤‡∏á‡∏™‡πà‡∏ß‡∏ô‡∏ï‡∏±‡πâ‡∏á‡∏Ç‡πâ‡∏≠‡∏™‡∏á‡∏™‡∏±‡∏¢‡∏ß‡πà‡∏≤‡∏Ñ‡∏ß‡∏≤‡∏°‡∏à‡∏£‡∏¥‡∏á‡πÅ‡∏•‡πâ‡∏ß Ben Simmons ‡∏≠‡∏≤‡∏à‡∏à‡∏∞‡πÄ‡∏û‡∏µ‡∏¢‡∏á AFK (Always from Keyboard) ‡∏ó‡∏µ‡πà‡πÄ‡∏õ‡∏¥‡∏î‡∏ó‡∏¥‡πâ‡∏á‡πÑ‡∏ß‡πâ‡πÇ‡∏î‡∏¢‡πÑ‡∏°‡πà‡∏≠‡∏≠‡∏Å‡∏à‡∏≤‡∏Å‡πÄ‡∏Å‡∏° ‡πÄ‡∏û‡∏£‡∏≤‡∏∞‡∏î‡πâ‡∏ß‡∏¢‡∏ò‡∏£‡∏£‡∏°‡∏ä‡∏≤‡∏ï‡∏¥‡∏Ç‡∏≠‡∏á‡πÄ‡∏Å‡∏° FPS ‡∏ó‡∏µ‡πà‡∏°‡∏µ‡∏Å‡∏≤‡∏£‡πÅ‡∏Ç‡πà‡∏á‡∏Ç‡∏±‡∏ô‡∏™‡∏π‡∏á ‡∏à‡∏∂‡∏á‡πÄ‡∏õ‡πá‡∏ô‡πÑ‡∏õ‡πÑ‡∏°‡πà‡πÑ‡∏î‡πâ‡∏ó‡∏µ‡πà Simmons ‡∏à‡∏∞‡∏™‡∏≤‡∏°‡∏≤‡∏£‡∏ñ‡πÄ‡∏•‡πà‡∏ô‡πÄ‡∏Å‡∏°‡∏î‡∏±‡∏á‡∏Å‡∏•‡πà‡∏≤‡∏ß‡πÑ‡∏î‡πâ‡∏ï‡∏•‡∏≠‡∏î 23 ‡∏ä‡∏±‡πà‡∏ß‡πÇ‡∏°‡∏áBen Simmons ‡∏¢‡∏±‡∏á‡πÑ‡∏°‡πà‡∏°‡∏µ‡∏Å‡∏≤‡∏£‡πÅ‡∏™‡∏î‡∏á‡∏Ñ‡∏ß‡∏≤‡∏°‡∏Ñ‡∏¥‡∏î‡πÄ‡∏´‡πá‡∏ô‡πÄ‡∏Å‡∏µ‡πà‡∏¢‡∏ß‡∏Å‡∏±‡∏ö‡∏õ‡∏£‡∏∞‡πÄ‡∏î‡πá‡∏ô‡∏Å‡∏≤‡∏£‡πÄ‡∏•‡πà‡∏ô‡πÄ‡∏Å‡∏° Call of Duty ‡∏ô‡∏≤‡∏ô‡∏ñ‡∏∂‡∏á 23 ‡∏ä‡∏±‡πà‡∏ß‡πÇ‡∏°‡∏á ‡∏à‡∏ô‡∏ñ‡∏∂‡∏á‡∏ï‡∏≠‡∏ô‡∏ô‡∏±‡πâ‡∏ô ‡∏ñ‡πâ‡∏≤‡∏´‡∏≤‡∏Å‡∏°‡∏µ‡∏Ç‡πà‡∏≤‡∏ß‡∏™‡∏≤‡∏£‡πÄ‡∏Å‡∏°‡∏ó‡∏µ‡πà‡∏ô‡πà‡∏≤‡∏™‡∏ô‡πÉ‡∏à ‡∏ó‡∏≤‡∏á‡∏ó‡∏µ‡∏°‡∏á‡∏≤‡∏ô GamingDose ‡∏à‡∏∞‡∏£‡∏≤‡∏¢‡∏á‡∏≤‡∏ô‡∏Å‡∏±‡∏ô‡∏ï‡πà‡∏≠‡πÑ‡∏õ‡∏ó‡∏µ‡πà‡∏°‡∏≤: dmarge",th,108.0,
gamingdose,2022/05/04,https://www.gamingdose.com/news/riot-%e0%b8%ad%e0%b8%a2%e0%b8%b2%e0%b8%81%e0%b9%83%e0%b8%ab%e0%b9%89%e0%b8%88%e0%b8%b1%e0%b8%87%e0%b8%ab%e0%b8%a7%e0%b8%b0%e0%b8%81%e0%b8%b2%e0%b8%a3%e0%b8%95%e0%b9%88%e0%b8%ad%e0%b8%aa%e0%b8%b9/,Riot ‡∏≠‡∏¢‡∏≤‡∏Å‡πÉ‡∏´‡πâ‡∏à‡∏±‡∏á‡∏´‡∏ß‡∏∞‡∏Å‡∏≤‡∏£‡∏ï‡πà‡∏≠‡∏™‡∏π‡πâ‡πÉ‡∏ô‡πÄ‡∏Å‡∏° League of Legends ‡∏ä‡πâ‡∏≤‡∏•‡∏á‡∏Å‡∏ß‡πà‡∏≤‡∏ó‡∏µ‡πà‡πÄ‡∏õ‡πá‡∏ô‡∏≠‡∏¢‡∏π‡πà‡∏ï‡∏≠‡∏ô‡∏ô‡∏µ‡πâ,League of Legends ‡∏Ñ‡∏∑‡∏≠‡πÄ‡∏Å‡∏° MOBA ‡∏ó‡∏µ‡πà‡∏°‡∏µ‡∏≠‡∏≤‡∏¢‡∏∏‡∏Å‡∏ß‡πà‡∏≤ 13 ‡∏õ‡∏µ‡πÄ‡∏Ç‡πâ‡∏≤‡πÑ‡∏õ‡πÅ‡∏•‡πâ‡∏ß ‡πÅ‡∏•‡∏∞‡∏°‡∏±‡∏ô‡∏≠‡∏≤‡∏à‡∏à‡∏∞‡∏ï‡πâ‡∏≠‡∏á‡∏Å‡∏≤‡∏£‡πÄ‡∏õ‡∏•‡∏µ‡πà‡∏¢‡∏ô‡πÅ‡∏õ‡∏•‡∏á‡∏≠‡∏∞‡πÑ‡∏£‡∏ö‡∏≤‡∏á‡∏≠‡∏¢‡πà‡∏≤‡∏á‡∏à‡∏≤‡∏Å‡∏ó‡∏µ‡∏°‡∏ú‡∏π‡πâ‡∏û‡∏±‡∏í‡∏ô‡∏≤‡πÉ‡∏Ñ‡∏£‡∏ó‡∏µ‡πà‡πÄ‡∏Ñ‡∏¢‡πÄ‡∏•‡πà‡∏ô LoL ‡∏à‡∏∞‡∏£‡∏π‡πâ‡∏Å‡∏±‡∏ô‡∏î‡∏µ‡∏ß‡πà‡∏≤‡∏ô‡∏µ‡πà‡πÄ‡∏õ‡πá‡∏ô‡πÄ‡∏Å‡∏°‡∏ó‡∏µ‡πà‡∏°‡∏µ‡∏™‡∏õ‡∏µ‡∏î‡∏Å‡∏≤‡∏£‡∏ï‡πà‡∏≠‡∏™‡∏π‡πâ‡∏ó‡∏µ‡πà‡∏Ñ‡πà‡∏≠‡∏ô‡∏Ç‡πâ‡∏≤‡∏á‡πÄ‡∏£‡πá‡∏ß‡∏û‡∏≠‡∏™‡∏°‡∏Ñ‡∏ß‡∏£ ‡πÅ‡∏•‡∏∞‡∏ï‡∏≠‡∏ô‡∏ô‡∏µ‡πâ‡∏ó‡∏≤‡∏á Riot ‡∏ï‡πâ‡∏≠‡∏á‡∏Å‡∏≤‡∏£‡∏ó‡∏µ‡πà‡∏à‡∏∞‡∏ó‡∏≥‡πÉ‡∏´‡πâ‡∏°‡∏±‡∏ô‡∏ä‡πâ‡∏≤‡∏•‡∏á‡∏™‡∏±‡∏Å‡∏´‡∏ô‡πà‡∏≠‡∏¢ ‡πÉ‡∏ô‡∏´‡∏±‡∏ß‡∏Ç‡πâ‡∏≠‡∏ö‡∏ô‡πÄ‡∏ß‡πá‡∏ö‡πÑ‡∏ã‡∏ï‡πå Reddit ‡∏•‡πà‡∏≤‡∏™‡∏∏‡∏î‡∏Ç‡∏≠‡∏á Riot ‡∏ô‡∏±‡πâ‡∏ô Bryan Salvatore ‡∏´‡∏ô‡∏∂‡πà‡∏á‡πÉ‡∏ô‡∏ô‡∏±‡∏Å‡∏≠‡∏≠‡∏Å‡πÅ‡∏ö‡∏ö‡πÄ‡∏Å‡∏°‡πÄ‡∏û‡∏•‡∏¢‡πå‡∏≠‡∏≠‡∏Å‡∏°‡∏≤‡πÄ‡∏õ‡∏¥‡∏î‡πÄ‡∏ú‡∏¢‡∏ß‡πà‡∏≤ ‡∏ï‡∏≠‡∏ô‡∏ô‡∏µ‡πâ‡∏à‡∏∏‡∏î‡∏õ‡∏£‡∏∞‡∏™‡∏á‡∏Ñ‡πå‡∏Ç‡∏≠‡∏á‡∏ó‡∏µ‡∏°‡∏á‡∏≤‡∏ô‡∏Ñ‡∏∑‡∏≠ ‡∏ó‡∏≥‡πÉ‡∏´‡πâ‡πÄ‡∏Å‡∏°‡∏Å‡∏≤‡∏£‡πÄ‡∏•‡πà‡∏ô‡πÅ‡∏•‡∏∞‡∏Å‡∏≤‡∏£‡∏ï‡πà‡∏≠‡∏™‡∏π‡πâ‡∏î‡∏π‡∏ä‡πâ‡∏≤‡∏•‡∏áDot Esports ‡∏ß‡∏¥‡πÄ‡∏Ñ‡∏£‡∏≤‡∏∞‡∏´‡πå‡∏ß‡πà‡∏≤ ‡∏ï‡∏≠‡∏ô‡∏ô‡∏µ‡πâ‡πÉ‡∏ô‡∏ó‡∏µ‡∏°‡πÑ‡∏ü‡∏ó‡πå‡πÉ‡∏´‡∏ç‡πà ‡πÜ ‡∏Ç‡∏≠‡∏á League of Legends ‡∏ô‡∏±‡πâ‡∏ô ‡πÉ‡∏ä‡πâ‡πÄ‡∏ß‡∏•‡∏≤‡∏õ‡∏£‡∏∞‡∏°‡∏≤‡∏ì 14 ‡∏ß‡∏¥‡∏ô‡∏≤‡∏ó‡∏µ ‡πÄ‡∏°‡∏∑‡πà‡∏≠‡πÄ‡∏ó‡∏µ‡∏¢‡∏ö‡∏Å‡∏±‡∏ö‡∏õ‡∏µ‡∏Å‡πà‡∏≠‡∏ô ‡∏ó‡∏µ‡πà‡∏ö‡∏≤‡∏á‡∏Ñ‡∏£‡∏±‡πâ‡∏á‡∏Å‡πá‡∏¢‡∏≤‡∏ß‡∏Å‡πà‡∏≤ 1 ‡∏ô‡∏≤‡∏ó‡∏µ‡πÄ‡∏ï‡πá‡∏° Salvatore ‡∏Ñ‡∏¥‡∏î‡∏ß‡πà‡∏≤‡∏°‡∏±‡∏ô‡πÄ‡∏£‡πá‡∏ß‡πÑ‡∏õ ‡πÅ‡∏•‡∏∞‡πÅ‡∏°‡πâ‡∏à‡∏∞‡πÑ‡∏°‡πà‡πÑ‡∏î‡πâ‡πÄ‡∏ú‡∏¢‡∏°‡∏≤‡∏ï‡∏£‡∏á ‡πÜ ‡πÅ‡∏ï‡πà‡∏ó‡∏≤‡∏á Riot ‡∏≠‡∏≤‡∏à‡∏Å‡∏≥‡∏•‡∏±‡∏á‡∏õ‡∏£‡∏±‡∏ö‡∏õ‡∏£‡∏∏‡∏á‡∏Å‡∏•‡πÑ‡∏Å‡πÉ‡∏´‡πâ‡∏Å‡∏≤‡∏£‡∏ï‡πà‡∏≠‡∏™‡∏π‡πâ‡∏ä‡πâ‡∏≤‡∏•‡∏á ‡πÅ‡∏•‡∏∞‡∏≠‡∏≤‡∏à‡∏°‡∏µ‡∏Å‡∏≤‡∏£‡πÄ‡∏ô‡∏¥‡∏£‡πå‡∏ü‡∏î‡∏≤‡πÄ‡∏°‡∏à‡πÅ‡∏ö‡∏ö‡∏ß‡∏á‡∏Å‡∏ß‡πâ‡∏≤‡∏á‡πÄ‡∏£‡∏≤‡πÄ‡∏ä‡∏∑‡πà‡∏≠‡∏ß‡πà‡∏≤ League of Legends ‡∏ô‡∏±‡πâ‡∏ô ‡∏î‡∏µ‡∏ó‡∏µ‡πà‡∏™‡∏∏‡∏î‡πÄ‡∏°‡∏∑‡πà‡∏≠‡∏°‡∏±‡∏ô‡∏£‡∏ß‡∏î‡πÄ‡∏£‡πá‡∏ß‡πÅ‡∏•‡∏∞‡∏ô‡πà‡∏≤‡∏ï‡∏∑‡πà‡∏ô‡πÄ‡∏ï‡πâ‡∏ô ‡πÅ‡∏ï‡πà‡∏ú‡∏°‡∏Ñ‡∏¥‡∏î‡∏ß‡πà‡∏≤‡∏°‡∏±‡∏ô‡∏≠‡∏≤‡∏à‡∏à‡∏∞‡πÅ‡∏ü‡∏£‡πå‡∏ó‡∏µ‡πà‡∏à‡∏∞‡∏ö‡∏≠‡∏Å‡πÑ‡∏î‡πâ‡∏ß‡πà‡∏≤‡πÄ‡∏Å‡∏¥‡∏î‡∏≠‡∏∞‡πÑ‡∏£‡∏Ç‡∏∂‡πâ‡∏ô‡πÉ‡∏ô‡πÑ‡∏ü‡∏ó‡πå‡∏ô‡∏±‡πâ‡∏ô‡∏ö‡πâ‡∏≤‡∏á ‡πÄ‡∏£‡∏≤‡πÇ‡∏î‡∏ô‡∏≠‡∏∞‡πÑ‡∏£‡∏Ü‡πà‡∏≤ ‡πÄ‡∏£‡∏≤‡∏ï‡πâ‡∏≠‡∏á‡∏ó‡∏≥‡∏¢‡∏±‡∏á‡πÑ‡∏á‡∏ñ‡∏∂‡∏á‡∏à‡∏∞‡∏ï‡πà‡∏≤‡∏á‡∏≠‡∏≠‡∏Å‡πÑ‡∏õ‡πÄ‡∏Ç‡∏≤‡πÄ‡∏ú‡∏¢‡∏ß‡πà‡∏≤ ‡πÅ‡∏°‡πâ‡∏ß‡πà‡∏≤ Mage / Support ‡∏à‡∏∞‡πÑ‡∏°‡πà‡πÉ‡∏ä‡πà‡∏à‡∏∏‡∏î‡∏õ‡∏£‡∏∞‡∏™‡∏á‡∏Ñ‡πå‡∏´‡∏•‡∏±‡∏Å‡πÉ‡∏ô‡∏Å‡∏≤‡∏£‡∏õ‡∏£‡∏±‡∏ö‡∏ï‡∏≠‡∏ô‡∏ô‡∏µ‡πâ ‡πÅ‡∏°‡πâ‡∏ß‡πà‡∏≤‡∏°‡∏±‡∏ô‡∏à‡∏∞‡∏ó‡∏≥‡∏î‡∏≤‡πÄ‡∏°‡∏à‡πÑ‡∏î‡πâ‡πÄ‡∏ß‡∏≠‡∏£‡πå‡∏ß‡∏±‡∏á‡∏°‡∏≤‡∏Å ‡πÜ ‡∏ã‡∏∂‡πà‡∏á‡∏ï‡πà‡∏≠‡∏à‡∏≤‡∏Å‡∏ô‡∏µ‡πâ‡∏ï‡πâ‡∏≠‡∏á‡∏£‡∏≠‡∏î‡∏π‡∏ß‡πà‡∏≤‡∏Å‡∏•‡πÑ‡∏Å‡∏Å‡∏≤‡∏£‡∏õ‡∏£‡∏±‡∏ö‡∏Ç‡∏≠‡∏á Riot ‡∏ô‡∏±‡πâ‡∏ô ‡∏à‡∏∞‡∏≠‡∏≠‡∏Å‡∏°‡∏≤‡πÉ‡∏ô‡∏£‡∏π‡∏õ‡πÅ‡∏ö‡∏ö‡πÑ‡∏´‡∏ô ‡πÅ‡∏ü‡∏ô ‡πÜ League of Legends ‡∏≠‡∏≤‡∏à‡∏à‡∏∞‡πÑ‡∏î‡πâ‡∏™‡∏±‡∏°‡∏ú‡∏±‡∏™‡∏Å‡∏±‡∏ö‡πÄ‡∏Å‡∏°‡πÄ‡∏û‡∏•‡∏¢‡πå‡∏ó‡∏µ‡πà‡∏ä‡πâ‡∏≤‡∏•‡∏á‡∏ó‡∏µ‡∏•‡∏∞‡∏ô‡∏¥‡∏î ‡πÜ ‡∏Å‡πá‡πÑ‡∏î‡πâ ‡∏ã‡∏∂‡πà‡∏á‡πÄ‡∏£‡∏≤‡∏ï‡πâ‡∏≠‡∏á‡∏£‡∏≠‡∏ï‡∏¥‡∏î‡∏ï‡∏≤‡∏°‡∏Ç‡πà‡∏≤‡∏ß‡∏™‡∏≤‡∏£‡∏Å‡∏±‡∏ô‡∏ï‡πà‡∏≠‡πÑ‡∏õ,th,56.0,Neutral
gamingdose,2022/05/04,https://www.gamingdose.com/news/the-quarry-%e0%b8%88%e0%b8%b0%e0%b8%a1%e0%b8%b5%e0%b8%9f%e0%b8%b5%e0%b9%80%e0%b8%88%e0%b8%ad%e0%b8%a3%e0%b9%8c-death-rewind-%e0%b9%83%e0%b8%ab%e0%b9%89%e0%b8%84%e0%b8%b8%e0%b8%93%e0%b9%81%e0%b8%81/#comments,The Quarry ‡∏à‡∏∞‡∏°‡∏µ‡∏ü‡∏µ‡πÄ‡∏à‡∏≠‡∏£‡πå Death Rewind ‡πÉ‡∏´‡πâ‡∏Ñ‡∏∏‡∏ì‡πÅ‡∏Å‡πâ‡πÑ‡∏Ç‡∏Å‡∏≤‡∏£‡∏Å‡∏£‡∏∞‡∏ó‡∏≥‡∏ó‡∏µ‡πà‡∏ú‡∏¥‡∏î‡∏û‡∏•‡∏≤‡∏î‡∏Ç‡∏≠‡∏á‡∏ï‡∏±‡∏ß‡πÄ‡∏≠‡∏á‡πÑ‡∏î‡πâ,"‡∏ú‡∏•‡∏á‡∏≤‡∏ô‡πÉ‡∏´‡∏°‡πà‡∏à‡∏≤‡∏Å Supermassive Games ‡∏à‡∏∞‡∏°‡∏µ‡∏ü‡∏µ‡πÄ‡∏à‡∏≠‡∏£‡πå‡∏ó‡∏µ‡πà‡∏ú‡∏π‡πâ‡πÄ‡∏•‡πà‡∏ô‡∏à‡∏∞‡∏™‡∏≤‡∏°‡∏≤‡∏£‡∏ñ‡πÅ‡∏Å‡πâ‡πÑ‡∏Ç‡∏Å‡∏≤‡∏£‡∏ï‡∏±‡∏î‡∏™‡∏¥‡∏ô‡πÉ‡∏à‡∏ó‡∏µ‡πà‡∏ú‡∏¥‡∏î‡∏û‡∏•‡∏≤‡∏î‡∏Ç‡∏≠‡∏á‡∏ï‡∏±‡∏ß‡πÄ‡∏≠‡∏á‡πÑ‡∏î‡πâThe Quarry ‡∏Ñ‡∏∑‡∏≠‡∏ú‡∏•‡∏á‡∏≤‡∏ô‡πÉ‡∏´‡∏°‡πà‡∏•‡πà‡∏≤‡∏™‡∏∏‡∏î‡∏Ç‡∏≠‡∏á‡∏™‡∏ï‡∏π‡∏î‡∏¥‡πÇ‡∏≠ Supermassive Games ‡∏ú‡∏π‡πâ‡∏™‡∏£‡πâ‡∏≤‡∏á‡πÄ‡∏Å‡∏°‡∏≠‡∏¢‡πà‡∏≤‡∏á Until Dawn ‡πÅ‡∏•‡∏∞‡∏ã‡∏µ‡∏£‡∏µ‡∏™‡πå The Dark Pictures ‡πÅ‡∏•‡∏∞‡∏£‡∏≤‡∏¢‡∏•‡∏∞‡πÄ‡∏≠‡∏µ‡∏¢‡∏î‡πÉ‡∏´‡∏°‡πà‡∏Ç‡∏≠‡∏á‡πÄ‡∏Å‡∏°‡πÉ‡∏ô‡∏Ñ‡∏£‡∏≤‡∏ß‡∏ô‡∏µ‡πâ‡∏Ñ‡∏∑‡∏≠ ‡∏ú‡∏π‡πâ‡πÄ‡∏•‡πà‡∏ô‡∏à‡∏∞‡∏°‡∏µ‡∏ü‡∏µ‡πÄ‡∏à‡∏≠‡∏£‡πå‡∏ó‡∏µ‡πà‡∏ä‡πà‡∏ß‡∏¢‡∏¢‡πâ‡∏≠‡∏ô‡πÑ‡∏õ‡πÅ‡∏Å‡πâ‡πÑ‡∏Ç‡∏Å‡∏≤‡∏£‡∏ï‡∏±‡∏î‡∏™‡∏¥‡∏ô‡πÉ‡∏à‡∏ó‡∏µ‡πà‡∏ú‡∏¥‡∏î‡∏û‡∏•‡∏≤‡∏î‡πÑ‡∏î‡πâWill Byles ‡∏ú‡∏π‡πâ‡∏≠‡∏≥‡∏ô‡∏ß‡∏¢‡∏Å‡∏≤‡∏£‡∏™‡∏£‡πâ‡∏≤‡∏á‡πÄ‡∏Å‡∏° ‡πÄ‡∏ú‡∏¢‡∏Å‡∏•‡πÑ‡∏Å‡∏Ç‡∏≠‡∏á‡∏£‡∏∞‡∏ö‡∏ö‡∏ô‡∏µ‡πâ‡∏ß‡πà‡∏≤ ‡πÄ‡∏õ‡πá‡∏ô‡∏Å‡∏•‡πÑ‡∏Å‡∏•‡∏≠‡∏á‡πÄ‡∏•‡πà‡∏ô‡πÉ‡∏´‡∏°‡πà‡∏ó‡∏µ‡πà‡∏à‡∏∞‡∏õ‡∏•‡∏î‡∏•‡πá‡∏≠‡∏Ñ‡∏´‡∏•‡∏±‡∏á‡∏à‡∏≤‡∏Å‡∏ó‡∏µ‡πà‡∏Ñ‡∏∏‡∏ì‡πÑ‡∏î‡πâ‡∏£‡∏±‡∏ö‡∏£‡∏π‡πâ‡πÄ‡∏£‡∏∑‡πà‡∏≠‡∏á‡∏£‡∏≤‡∏ß‡πÅ‡∏•‡πâ‡∏ß ‡πÅ‡∏•‡∏∞‡∏´‡∏≤‡∏Å‡∏Ñ‡∏∏‡∏ì‡∏à‡∏≠‡∏á‡πÄ‡∏Å‡∏°‡∏•‡πà‡∏ß‡∏á‡∏´‡∏ô‡πâ‡∏≤‡πÅ‡∏ö‡∏ö Deluxe Edition ‡∏Ñ‡∏∏‡∏ì‡∏à‡∏∞‡πÑ‡∏î‡πâ‡∏£‡∏±‡∏ö 3 ‡∏ä‡∏µ‡∏ß‡∏¥‡∏ï ‡πÉ‡∏´‡πâ‡∏¢‡πâ‡∏≠‡∏ô‡∏Å‡∏≤‡∏£‡∏ï‡∏≤‡∏¢‡πÑ‡∏î‡πâ‡∏ñ‡∏∂‡∏á 3 ‡∏Ñ‡∏£‡∏±‡πâ‡∏á‡∏î‡πâ‡∏ß‡∏¢‡∏Å‡∏±‡∏ô‡πÄ‡∏°‡∏∑‡πà‡∏≠‡πÉ‡∏ä‡πâ‡∏á‡∏≤‡∏ô‡∏£‡∏∞‡∏ö‡∏ö‡∏ô‡∏µ‡πâ ‡∏Ñ‡∏∏‡∏ì‡∏à‡∏∞‡∏ñ‡∏π‡∏Å‡∏¢‡πâ‡∏≠‡∏ô‡∏Å‡∏•‡∏±‡∏ö‡πÑ‡∏õ‡πÉ‡∏ô‡∏ä‡πà‡∏ß‡∏á‡πÄ‡∏ß‡∏•‡∏≤‡∏Å‡∏≤‡∏£‡πÄ‡∏•‡∏∑‡∏≠‡∏Å‡∏ó‡∏µ‡πà‡∏™‡∏≥‡∏Ñ‡∏±‡∏ç‡∏ï‡πà‡∏≤‡∏á ‡πÜ ‡∏ó‡∏µ‡πà‡∏≠‡∏≤‡∏à‡∏à‡∏∞‡∏™‡πà‡∏á‡∏ú‡∏•‡∏ï‡πà‡∏≠‡∏Å‡∏≤‡∏£‡∏ï‡∏≤‡∏¢‡∏Ç‡∏≠‡∏á‡∏ï‡∏±‡∏ß‡∏•‡∏∞‡∏Ñ‡∏£‡∏ô‡∏±‡πâ‡∏ô ‡πÜ ‡πÅ‡∏•‡∏∞‡∏™‡∏≤‡∏°‡∏≤‡∏£‡∏ñ‡πÄ‡∏•‡∏∑‡∏≠‡∏Å‡∏ó‡∏≤‡∏á‡∏≠‡∏∑‡πà‡∏ô‡πÑ‡∏î‡πâ ‡∏´‡∏≤‡∏Å‡∏Ñ‡∏∏‡∏ì‡∏ï‡πâ‡∏≠‡∏á‡∏Å‡∏≤‡∏£ ‡πÅ‡∏°‡πâ‡∏ß‡πà‡∏≤‡∏Å‡∏•‡πÑ‡∏Å‡∏ô‡∏µ‡πâ‡∏à‡∏∞‡∏°‡∏µ‡∏õ‡∏£‡∏∞‡πÇ‡∏¢‡∏ä‡∏ô‡πå‡πÉ‡∏ô‡∏Å‡∏≤‡∏£‡πÄ‡∏•‡πà‡∏ô‡∏Ñ‡∏£‡∏±‡πâ‡∏á‡πÅ‡∏£‡∏Å ‡πÅ‡∏ï‡πà‡∏°‡∏±‡∏ô‡∏à‡∏∞‡∏¢‡∏∏‡πà‡∏á‡∏¢‡∏≤‡∏Å‡πÄ‡∏•‡πá‡∏Å‡∏ô‡πâ‡∏≠‡∏¢ ‡πÄ‡∏û‡∏£‡∏≤‡∏∞‡πÄ‡∏£‡∏≤‡πÑ‡∏°‡πà‡∏£‡∏π‡πâ‡∏ß‡πà‡∏≤‡∏à‡∏∞‡∏°‡∏µ‡∏≠‡∏∞‡πÑ‡∏£‡πÄ‡∏Å‡∏¥‡∏î‡∏Ç‡∏∂‡πâ‡∏ô‡∏ö‡πâ‡∏≤‡∏á‡∏´‡∏•‡∏±‡∏á‡∏Å‡∏≤‡∏£‡πÄ‡∏•‡∏∑‡∏≠‡∏Å‡∏ô‡∏±‡πâ‡∏ôWill ‡πÄ‡∏ú‡∏¢‡∏ß‡πà‡∏≤ ‡∏ï‡∏±‡∏ß‡πÄ‡∏Å‡∏°‡∏à‡∏∞‡∏°‡∏µ‡∏Ñ‡∏ß‡∏≤‡∏°‡∏¢‡∏≤‡∏ß‡∏õ‡∏£‡∏∞‡∏°‡∏≤‡∏ì 10 ‡∏ä‡∏±‡πà‡∏ß‡πÇ‡∏°‡∏á ‡πÅ‡∏•‡∏∞‡∏°‡∏µ‡∏Ñ‡∏∏‡∏ì‡∏Ñ‡πà‡∏≤‡πÉ‡∏ô‡∏Å‡∏≤‡∏£‡πÄ‡∏•‡πà‡∏ô‡∏ã‡πâ‡∏≥‡∏™‡∏π‡∏á‡∏°‡∏≤‡∏Å ‡∏£‡∏ß‡∏°‡πÑ‡∏õ‡∏ñ‡∏∂‡∏á‡∏°‡∏µ‡πÄ‡∏™‡πâ‡∏ô‡∏ó‡∏≤‡∏á‡πÉ‡∏ô‡∏Å‡∏≤‡∏£‡πÄ‡∏•‡∏∑‡∏≠‡∏Å‡∏ó‡∏µ‡πà‡∏´‡∏•‡∏≤‡∏Å‡∏´‡∏•‡∏≤‡∏¢ ‡πÅ‡∏•‡∏∞‡∏°‡∏µ‡∏â‡∏≤‡∏Å‡∏à‡∏ö‡∏°‡∏≤‡∏Å‡∏ñ‡∏∂‡∏á 186 ‡πÅ‡∏ö‡∏ö‡∏î‡πâ‡∏ß‡∏¢‡∏Å‡∏±‡∏ô ‡πÇ‡∏î‡∏¢‡πÄ‡∏Ç‡∏≤‡∏¢‡πâ‡∏≥‡∏ß‡πà‡∏≤‡∏™‡∏≤‡∏°‡∏≤‡∏£‡∏ñ‡πÄ‡∏•‡πà‡∏ô‡∏ã‡πâ‡∏≥‡πÑ‡∏î‡πâ‡∏ó‡∏±‡πâ‡∏á‡∏´‡∏°‡∏î‡∏™‡∏≥‡∏´‡∏£‡∏±‡∏ö‡∏ï‡∏±‡∏ß‡πÄ‡∏Å‡∏°‡∏ô‡∏µ‡πâ‡πÄ‡∏õ‡πá‡∏ô‡πÄ‡∏Å‡∏°‡∏™‡∏∑‡∏ö‡∏ó‡∏≠‡∏î‡∏ó‡∏≤‡∏á‡∏à‡∏¥‡∏ï‡∏ß‡∏¥‡∏ç‡∏ç‡∏≤‡∏ì‡∏Ç‡∏≠‡∏á Until Dawn ‡πÇ‡∏î‡∏¢‡∏°‡∏µ‡∏ô‡∏±‡∏Å‡πÅ‡∏™‡∏î‡∏á‡∏ä‡∏∑‡πà‡∏≠‡∏î‡∏±‡∏á‡∏°‡∏≤‡∏£‡πà‡∏ß‡∏°‡πÅ‡∏à‡∏°‡πÉ‡∏ô‡πÄ‡∏Å‡∏°‡∏î‡πâ‡∏ß‡∏¢‡∏°‡∏≤‡∏Å‡∏°‡∏≤‡∏¢‡πÄ‡∏ä‡πà‡∏ô David Arquette, Justice Smith ‡πÅ‡∏•‡∏∞ Brenda Song ‡∏ï‡∏±‡∏ß‡πÄ‡∏Å‡∏°‡∏°‡∏µ‡∏Å‡∏≥‡∏´‡∏ô‡∏î‡∏ß‡∏≤‡∏á‡∏à‡∏≥‡∏´‡∏ô‡πà‡∏≤‡∏¢ 10 ‡∏°‡∏¥‡∏ñ‡∏∏‡∏ô‡∏≤‡∏¢‡∏ô‡∏ô‡∏µ‡πâ ‡πÅ‡∏ü‡∏ô‡πÄ‡∏Å‡∏°‡∏™‡∏¢‡∏≠‡∏á‡∏Ç‡∏ß‡∏±‡∏ç‡πÅ‡∏•‡∏∞‡∏ä‡∏≠‡∏ö‡∏Å‡∏≤‡∏£‡πÄ‡∏•‡πà‡∏≤‡πÄ‡∏£‡∏∑‡πà‡∏≠‡∏á‡∏Å‡πá‡∏£‡∏≠‡∏ï‡∏¥‡∏î‡∏ï‡∏≤‡∏°‡∏Å‡∏±‡∏ô‡πÑ‡∏ß‡πâ‡πÉ‡∏´‡πâ‡∏î‡∏µ",th,57.0,Neutral
gamingdose,2022/05/04,https://www.gamingdose.com/news/fortnite-%e0%b9%80%e0%b8%95%e0%b8%a3%e0%b8%b5%e0%b8%a2%e0%b8%a1%e0%b8%99%e0%b8%b3%e0%b8%81%e0%b8%a3%e0%b8%b0%e0%b8%9a%e0%b8%b5%e0%b9%88%e0%b9%81%e0%b8%aa%e0%b8%87%e0%b9%84%e0%b8%a5%e0%b8%97%e0%b9%8c/#comments,Fortnite ‡πÄ‡∏ï‡∏£‡∏µ‡∏¢‡∏°‡∏ô‡∏≥‡∏Å‡∏£‡∏∞‡∏ö‡∏µ‡πà‡πÅ‡∏™‡∏á‡πÑ‡∏•‡∏ó‡πå‡πÄ‡∏ã‡πÄ‡∏ö‡∏≠‡∏£‡πå‡∏Å‡∏•‡∏±‡∏ö‡∏°‡∏≤‡πÉ‡∏´‡πâ‡∏ü‡∏≤‡∏î‡∏Å‡∏±‡∏ô‡∏Å‡∏±‡∏ô‡∏≠‡∏µ‡∏Å‡∏£‡∏≠‡∏ö‡πÉ‡∏ô‡∏ß‡∏±‡∏ô‡∏ó‡∏µ‡πà 4 ‡∏û‡∏§‡∏©‡∏†‡∏≤‡∏Ñ‡∏°‡∏ô‡∏µ‡πâ,‡∏Ç‡πà‡∏≤‡∏ß‡∏•‡∏∑‡∏≠‡πÄ‡∏Å‡∏µ‡πà‡∏¢‡∏ß‡∏Å‡∏±‡∏ö Fortnite ‡∏Å‡∏•‡∏±‡∏ö‡∏°‡∏≤‡∏≠‡∏µ‡∏Å‡∏£‡∏≠‡∏ö ‡∏ã‡∏∂‡πà‡∏á‡πÇ‡∏≠‡∏Å‡∏≤‡∏™‡πÄ‡∏õ‡πá‡∏ô‡∏à‡∏£‡∏¥‡∏á‡∏Å‡πá‡∏ñ‡∏∑‡∏≠‡∏ß‡πà‡∏≤‡∏™‡∏π‡∏á‡∏°‡∏≤‡∏ÅShiina ‡∏´‡∏ô‡∏∂‡πà‡∏á‡πÉ‡∏ô‡∏ú‡∏π‡πâ‡∏õ‡∏•‡πà‡∏≠‡∏¢‡∏Ç‡πà‡∏≤‡∏ß‡∏•‡∏∑‡∏≠‡πÄ‡∏Å‡∏µ‡πà‡∏¢‡∏ß‡∏Å‡∏±‡∏ö Fortnite ‡∏ó‡∏µ‡πà‡∏°‡∏µ‡∏Ñ‡∏ß‡∏≤‡∏°‡∏ô‡πà‡∏≤‡πÄ‡∏ä‡∏∑‡πà‡∏≠‡∏ñ‡∏∑‡∏≠‡∏™‡∏π‡∏á ‡πÄ‡∏ú‡∏¢‡∏ß‡πà‡∏≤ Epic Games ‡πÄ‡∏ï‡∏£‡∏µ‡∏¢‡∏°‡∏ô‡∏≥ Lightsaber ‡∏Å‡∏£‡∏∞‡∏ö‡∏µ‡πà‡πÅ‡∏™‡∏á‡∏≠‡∏≤‡∏ß‡∏∏‡∏ò‡∏™‡∏∏‡∏î‡πÑ‡∏≠‡∏Ñ‡∏≠‡∏ô‡∏¥‡∏Ñ‡∏à‡∏≤‡∏Å‡∏ã‡∏µ‡∏£‡∏µ‡∏™‡πå Star Wars ‡πÉ‡∏™‡πà‡πÄ‡∏Ç‡πâ‡∏≤‡∏°‡∏≤‡πÉ‡∏ô‡πÄ‡∏Å‡∏°‡∏≠‡∏µ‡∏Å‡∏Ñ‡∏£‡∏±‡πâ‡∏á‡πÉ‡∏ô‡∏ß‡∏±‡∏ô‡∏ó‡∏µ‡πà 4 ‡∏û‡∏§‡∏©‡∏†‡∏≤‡∏Ñ‡∏°‡∏ô‡∏µ‡πâ ‡∏ï‡∏≤‡∏°‡πÄ‡∏ß‡∏•‡∏≤‡∏õ‡∏£‡∏∞‡πÄ‡∏ó‡∏®‡πÑ‡∏ó‡∏¢‡∏Å‡∏≤‡∏£‡∏ô‡∏≥‡∏Å‡∏•‡∏±‡∏ö‡∏°‡∏≤‡∏Ñ‡∏£‡∏±‡πâ‡∏á‡∏ô‡∏µ‡πâ‡∏Å‡πá‡πÄ‡∏û‡∏∑‡πà‡∏≠‡πÄ‡∏õ‡πá‡∏ô‡∏Å‡∏≤‡∏£‡πÄ‡∏â‡∏•‡∏¥‡∏°‡∏â‡∏•‡∏≠‡∏á‡∏ß‡∏±‡∏ô‡∏™‡∏ï‡∏≤‡∏£‡πå‡∏ß‡∏≠‡∏£‡πå (4 ‡∏û‡∏§‡∏©‡∏†‡∏≤‡∏Ñ‡∏°) ‡πÅ‡∏•‡∏∞‡∏à‡∏£‡∏¥‡∏á ‡πÜ ‡πÅ‡∏•‡πâ‡∏ß Lightsaber ‡πÄ‡∏Ñ‡∏¢‡∏ñ‡∏π‡∏Å‡πÉ‡∏™‡πà‡∏°‡∏≤‡πÉ‡∏ô‡πÄ‡∏Å‡∏°‡πÅ‡∏•‡πâ‡∏ß‡πÉ‡∏ô‡∏ä‡πà‡∏ß‡∏á‡∏õ‡∏µ 2020 ‡πÅ‡∏ï‡πà‡∏Å‡πá‡∏´‡∏≤‡∏¢‡∏à‡∏≤‡∏Å‡πÄ‡∏Å‡∏°‡πÑ‡∏õ‡∏ô‡∏≤‡∏ô‡∏°‡∏≤‡∏Å ‡∏Å‡∏≤‡∏£‡∏ô‡∏≥‡∏Å‡∏•‡∏±‡∏ö‡∏°‡∏≤‡∏Ñ‡∏£‡∏±‡πâ‡∏á‡∏ô‡∏µ‡πâ‡∏ô‡πà‡∏≤‡∏à‡∏∞‡∏ä‡πà‡∏ß‡∏¢‡πÉ‡∏´‡πâ‡πÅ‡∏ü‡∏ô ‡πÜ ‡∏´‡∏≤‡∏¢‡∏Ñ‡∏¥‡∏î‡∏ñ‡∏∂‡∏á ‡πÅ‡∏•‡∏∞‡∏°‡∏µ‡∏≠‡∏∞‡πÑ‡∏£‡πÉ‡∏´‡∏°‡πà ‡πÜ ‡πÉ‡∏´‡πâ‡πÑ‡∏î‡πâ‡πÄ‡∏•‡πà‡∏ô‡∏Å‡∏±‡∏ô‡πÉ‡∏ô Fortnite‡πÇ‡∏î‡∏¢ Lightsaber ‡πÉ‡∏ô‡πÄ‡∏Å‡∏° ‡∏à‡∏∞‡∏°‡∏µ‡∏ó‡∏±‡πâ‡∏á‡∏´‡∏°‡∏î 4 ‡∏™‡∏µ ‡∏Ñ‡∏∑‡∏≠‡∏™‡∏µ‡∏Ç‡∏≠‡∏á Rey (‡∏™‡∏µ‡∏ô‡πâ‡∏≥‡πÄ‡∏á‡∏¥‡∏ô) / Kylo Ren (‡∏™‡∏µ‡πÅ‡∏î‡∏á) / Luke Skywalker (‡∏™‡∏µ‡πÄ‡∏Ç‡∏µ‡∏¢‡∏ß) ‡πÅ‡∏•‡∏∞¬† Mace Windu (‡∏™‡∏µ‡∏°‡πà‡∏ß‡∏á) ‡πÇ‡∏î‡∏¢‡∏°‡∏µ‡∏Ñ‡∏ß‡∏≤‡∏°‡∏™‡∏≤‡∏°‡∏≤‡∏£‡∏ñ‡πÄ‡∏î‡∏µ‡∏¢‡∏ß‡∏Å‡∏±‡∏ô‡∏Ñ‡∏∑‡∏≠‡∏™‡∏≤‡∏°‡∏≤‡∏£‡∏ñ‡∏õ‡∏±‡∏î‡∏Å‡∏£‡∏∞‡∏™‡∏∏‡∏ô‡πÑ‡∏î‡πâ‡∏™‡∏≥‡∏´‡∏£‡∏±‡∏ö‡πÅ‡∏ü‡∏ô ‡πÜ Fortnite ‡∏ó‡∏µ‡πà‡πÑ‡∏°‡πà‡∏≠‡∏¢‡∏≤‡∏Å‡∏´‡∏•‡∏ö‡∏Å‡∏£‡∏∞‡∏™‡∏∏‡∏ô ‡πÅ‡∏ï‡πà‡∏≠‡∏¢‡∏≤‡∏Å‡∏õ‡∏±‡∏î‡∏Å‡∏£‡∏∞‡∏™‡∏∏‡∏ô‡πÄ‡∏ó‡πà ‡πÜ ‡πÄ‡∏ï‡∏£‡∏µ‡∏¢‡∏°‡∏´‡∏≤ Lightsaber ‡∏°‡∏≤‡πÄ‡∏•‡πà‡∏ô‡∏Å‡∏±‡∏ô‡πÑ‡∏î‡πâ ‡∏Ñ‡∏≤‡∏î‡∏ß‡πà‡∏≤‡∏ó‡∏≤‡∏á Fortnite ‡∏à‡∏∞‡πÄ‡∏û‡∏¥‡πà‡∏°‡πÄ‡∏Ç‡πâ‡∏≤‡∏°‡∏≤‡πÉ‡∏ô‡πÄ‡∏Å‡∏°‡∏†‡∏≤‡∏¢‡πÉ‡∏ô‡∏ä‡πà‡∏ß‡∏á‡∏Ñ‡∏∑‡∏ô‡∏ô‡∏µ‡πâ‡∏ï‡∏≤‡∏°‡πÄ‡∏ß‡∏•‡∏≤‡∏õ‡∏£‡∏∞‡πÄ‡∏ó‡∏®‡πÑ‡∏ó‡∏¢,th,56.0,Neutral
gamingdose,2022/05/04,https://www.gamingdose.com/news/%e0%b9%80%e0%b8%9c%e0%b8%a2%e0%b8%95%e0%b8%b1%e0%b8%a7%e0%b8%ad%e0%b8%a2%e0%b9%88%e0%b8%b2%e0%b8%87-fortnite-%e0%b8%a3%e0%b8%b1%e0%b8%9a%e0%b8%a7%e0%b8%b1%e0%b8%99%e0%b8%aa%e0%b8%95%e0%b8%b2%e0%b8%a3/#comments,‡πÄ‡∏ú‡∏¢‡∏ï‡∏±‡∏ß‡∏≠‡∏¢‡πà‡∏≤‡∏á Fortnite ‡∏£‡∏±‡∏ö‡∏ß‡∏±‡∏ô‡∏™‡∏ï‡∏≤‡∏£‡πå‡∏ß‡∏≠‡∏£‡πå‡∏™ ‡∏û‡∏£‡πâ‡∏≠‡∏°‡∏ö‡∏≠‡∏Å‡πÉ‡∏ö‡πâ‡∏ñ‡∏∂‡∏á‡∏Å‡∏≤‡∏£‡∏°‡∏≤‡∏Ç‡∏≠‡∏á‡∏™‡∏Å‡∏¥‡∏ô Obi-Wan Kenobi,"‡πÉ‡∏Å‡∏•‡πâ‡∏à‡∏∞‡∏ñ‡∏∂‡∏á‡∏ß‡∏±‡∏ô Star Wars (4 ‡∏û‡∏§‡∏©‡∏†‡∏≤‡∏Ñ‡∏°) ‡∏ó‡∏±‡πâ‡∏á‡∏ó‡∏µ ‡πÄ‡∏Å‡∏°‡∏®‡∏π‡∏ô‡∏¢‡πå‡∏£‡∏ß‡∏°‡∏õ‡πá‡∏≠‡∏õ‡∏Ñ‡∏±‡∏•‡πÄ‡∏à‡∏≠‡∏£‡πå‡∏≠‡∏¢‡πà‡∏≤‡∏á Fortnite ‡∏Å‡πá‡πÑ‡∏°‡πà‡∏û‡∏•‡∏≤‡∏î‡∏ó‡∏µ‡πà‡∏à‡∏∞‡∏õ‡∏•‡πà‡∏≠‡∏¢‡∏≠‡∏±‡∏õ‡πÄ‡∏î‡∏ï‡πÉ‡∏´‡∏°‡πà ‡πÄ‡∏û‡∏∑‡πà‡∏≠‡πÄ‡∏â‡∏•‡∏¥‡∏°‡∏â‡∏•‡∏≠‡∏á‡πÅ‡∏ü‡∏ô ‡πÜ ‡πÅ‡∏•‡πâ‡∏ß ‡∏û‡∏£‡πâ‡∏≠‡∏°‡∏ö‡∏≠‡∏Å‡πÉ‡∏ö‡πâ‡∏ñ‡∏∂‡∏á‡∏Å‡∏≤‡∏£‡∏°‡∏≤‡∏Ç‡∏≠‡∏á‡∏™‡∏Å‡∏¥‡∏ô Obi-Wan Kenobi ‡∏†‡∏≤‡∏¢‡πÉ‡∏ô‡πÄ‡∏Å‡∏°Returning to Fortnite from a galaxy far, far away‚Ä¶Lightsabers are back! Hop in now to use the Lightsaber item, complete limited time quests, and more!Access more: https://t.co/WEl1rwsefc pic.twitter.com/GtKS2ikoAw‚Äî Fortnite (@FortniteGame) May 3, 2022‡∏à‡∏≤‡∏Å‡∏ï‡∏±‡∏ß‡∏≠‡∏¢‡πà‡∏≤‡∏á‡∏ô‡∏µ‡πâ ‡∏Å‡πá‡πÄ‡∏õ‡πá‡∏ô‡∏Å‡∏≤‡∏£‡∏¢‡∏∑‡∏ô‡∏¢‡∏±‡∏ô‡∏ß‡πà‡∏≤‡∏à‡∏∞‡∏°‡∏µ Lightsaber 4 ‡∏™‡∏µ‡πÉ‡∏´‡πâ‡πÑ‡∏î‡πâ‡πÉ‡∏ä‡πâ‡∏Å‡∏±‡∏ô ‡πÑ‡∏î‡πâ‡πÅ‡∏Å‡πà‡∏™‡∏µ‡∏ô‡πâ‡∏≥‡πÄ‡∏á‡∏¥‡∏ô, ‡∏™‡∏µ‡πÅ‡∏î‡∏á, ‡∏™‡∏µ‡πÄ‡∏Ç‡∏µ‡∏¢‡∏ß ‡πÅ‡∏•‡∏∞‡∏™‡∏µ‡∏°‡πà‡∏ß‡∏á ‡πÇ‡∏î‡∏¢ Lightsaber ‡∏Å‡πá‡∏à‡∏∞‡∏°‡∏µ‡∏Ñ‡∏∏‡∏ì‡∏™‡∏°‡∏ö‡∏±‡∏ï‡∏¥‡∏û‡∏¥‡πÄ‡∏®‡∏© ‡∏™‡∏≤‡∏°‡∏≤‡∏£‡∏ñ‡∏õ‡∏±‡∏î‡∏Å‡∏£‡∏∞‡∏™‡∏∏‡∏ô‡∏ó‡∏µ‡πà‡πÄ‡∏õ‡πá‡∏ô‡πÄ‡∏•‡πÄ‡∏ã‡∏≠‡∏£‡πå‡πÑ‡∏î‡πâ‡∏≠‡∏µ‡∏Å‡∏î‡πâ‡∏ß‡∏¢‡∏™‡πà‡∏ß‡∏ô‡∏™‡∏Å‡∏¥‡∏ô Obi-Wan Kenobi ‡∏Å‡πá‡∏Ñ‡∏≤‡∏î‡∏ß‡πà‡∏≤‡∏à‡∏∞‡∏≠‡∏±‡∏õ‡πÄ‡∏î‡∏ï‡πÄ‡∏Ç‡πâ‡∏≤‡∏°‡∏≤‡∏û‡∏£‡πâ‡∏≠‡∏° ‡πÜ ‡∏Å‡∏±‡∏ô‡∏†‡∏≤‡∏¢‡πÉ‡∏ô‡∏ß‡∏±‡∏ô‡∏û‡∏£‡∏∏‡πà‡∏á‡∏ô‡∏µ‡πâ ‡πÉ‡∏Ñ‡∏£‡∏ó‡∏µ‡πà‡∏™‡∏ô‡πÉ‡∏à‡∏Å‡πá‡πÄ‡∏ï‡∏£‡∏µ‡∏¢‡∏°‡∏£‡∏≠‡∏ä‡∏°‡∏ß‡∏¥‡∏î‡∏µ‡πÇ‡∏≠‡πÄ‡∏õ‡∏¥‡∏î‡∏ï‡∏±‡∏ß‡∏Å‡∏±‡∏ô‡πÑ‡∏î‡πâ‡πÄ‡∏•‡∏¢‡πÑ‡∏°‡πà‡∏ô‡∏≤‡∏ô‡πÄ‡∏Å‡∏¥‡∏ô‡∏£‡∏≠",th,63.0,Positive
gamingdose,2022/05/04,https://www.gamingdose.com/news/%e0%b8%ad%e0%b8%b1%e0%b8%9e%e0%b9%80%e0%b8%94%e0%b8%95%e0%b8%a0%e0%b8%b2%e0%b8%9e%e0%b9%81%e0%b8%a5%e0%b8%b0%e0%b8%84%e0%b8%a5%e0%b8%b4%e0%b8%9b%e0%b8%88%e0%b8%b2%e0%b8%81%e0%b8%81%e0%b8%ad%e0%b8%87/,‡∏≠‡∏±‡∏û‡πÄ‡∏î‡∏ï‡∏†‡∏≤‡∏û‡πÅ‡∏•‡∏∞‡∏Ñ‡∏•‡∏¥‡∏õ‡∏à‡∏≤‡∏Å‡∏Å‡∏≠‡∏á‡∏ñ‡πà‡∏≤‡∏¢ The Last Of Us ‡∏â‡∏ö‡∏±‡∏ö‡∏ã‡∏µ‡∏£‡∏µ‡∏™‡πå,"‡∏´‡∏•‡∏≤‡∏¢‡∏Ñ‡∏ô‡∏ô‡πà‡∏≤‡∏à‡∏∞‡∏ó‡∏£‡∏≤‡∏ö‡∏Å‡∏±‡∏ô‡∏î‡∏µ‡πÅ‡∏•‡πâ‡∏ß‡∏ß‡πà‡∏≤ The Last of Us ‡πÄ‡∏Å‡∏° Exclusive ‡∏Ç‡∏≠‡∏á Playstation ‡∏à‡∏∞‡∏ñ‡∏π‡∏Å‡∏ô‡∏≥‡∏°‡∏≤‡∏ó‡∏≥‡πÄ‡∏õ‡πá‡∏ô‡∏ã‡∏µ‡∏£‡∏µ‡∏™‡πå‡∏Ñ‡∏ô‡πÅ‡∏™‡∏î‡∏á‡∏à‡∏£‡∏¥‡∏á ‡πÜ ‡∏â‡∏≤‡∏¢‡∏ö‡∏ô‡∏ä‡πà‡∏≠‡∏á HBO‡∏õ‡∏±‡∏à‡∏à‡∏∏‡∏ö‡∏±‡∏ô‡∏ï‡∏≠‡∏ô‡∏ô‡∏µ‡πâ‡∏ó‡∏µ‡∏°‡∏á‡∏≤‡∏ô‡∏ñ‡πà‡∏≤‡∏¢‡∏ó‡∏≥‡∏≠‡∏¢‡∏π‡πà‡∏ó‡∏µ‡πà‡∏õ‡∏£‡∏∞‡πÄ‡∏ó‡∏® Canada ‡πÅ‡∏•‡∏∞‡∏Å‡∏≥‡∏•‡∏±‡∏á‡∏ñ‡πà‡∏≤‡∏¢‡∏ó‡∏≥‡πÉ‡∏ô‡∏ó‡∏µ‡πà‡∏™‡∏≤‡∏ò‡∏≤‡∏£‡∏ì‡∏∞ ‡∏î‡πâ‡∏ß‡∏¢‡πÄ‡∏´‡∏ï‡∏∏‡∏ô‡∏µ‡πâ‡∏à‡∏∂‡∏á‡∏°‡∏µ‡∏ß‡∏¥‡∏î‡∏µ‡πÇ‡∏≠‡πÅ‡∏•‡∏∞‡∏£‡∏π‡∏õ‡∏†‡∏≤‡∏û‡∏Ç‡∏≠‡∏á‡πÅ‡∏ü‡∏ô ‡πÜ ‡∏à‡∏≥‡∏ô‡∏ß‡∏ô‡∏°‡∏≤‡∏Å‡∏ñ‡∏π‡∏Å‡πÇ‡∏û‡∏™‡∏ï‡πå‡πÑ‡∏õ‡∏¢‡∏±‡∏á‡πÇ‡∏ã‡πÄ‡∏ä‡∏µ‡∏¢‡∏•‡∏°‡∏µ‡πÄ‡∏î‡∏µ‡∏¢ ‡∏ö‡∏±‡∏ô‡∏ó‡∏∂‡∏Å‡∏†‡∏≤‡∏û‡∏Ç‡∏±‡πâ‡∏ô‡∏ï‡∏≠‡∏ô‡∏Å‡∏≤‡∏£‡∏ñ‡πà‡∏≤‡∏¢‡∏ó‡∏≥‡πÅ‡∏•‡∏∞‡πÄ‡∏õ‡πÇ‡∏î‡∏£ ‡∏õ‡∏≤‡∏™‡∏Å‡∏≤‡∏•‡πÉ‡∏ô‡∏ö‡∏ó‡πÇ‡∏à‡πÄ‡∏≠‡∏•‡πÅ‡∏•‡∏∞‡πÄ‡∏ö‡∏•‡∏•‡πà‡∏≤ ‡πÅ‡∏£‡∏°‡∏ã‡∏µ‡∏¢‡πå‡πÉ‡∏ô‡∏ö‡∏ó‡πÄ‡∏≠‡∏•‡∏•‡∏µ‡πà‡πÅ‡∏•‡∏∞‡∏≠‡∏µ‡∏Å‡∏°‡∏≤‡∏Å‡∏°‡∏≤‡∏¢ ‡πÄ‡∏ó‡πà‡∏≤‡∏ó‡∏µ‡πà‡∏î‡∏π‡∏´‡∏•‡∏≤‡∏¢ ‡πÜ ‡∏â‡∏≤‡∏Å‡∏Å‡πá‡∏ô‡πà‡∏≤‡∏à‡∏∞‡∏à‡∏≥‡∏•‡∏≠‡∏á‡∏°‡∏≤‡∏à‡∏≤‡∏Å‡πÄ‡∏°‡∏∑‡∏≠‡∏á‡∏ö‡∏≠‡∏™‡∏ï‡∏±‡∏ô ‡∏ã‡∏∂‡πà‡∏á‡πÄ‡∏õ‡πá‡∏ô‡∏à‡∏∏‡∏î‡πÄ‡∏£‡∏¥‡πà‡∏°‡∏ï‡πâ‡∏ô‡∏Ç‡∏≠‡∏á The Last of Us ‡∏†‡∏≤‡∏Ñ‡πÅ‡∏£‡∏Å ‡∏™‡∏≥‡∏´‡∏£‡∏±‡∏ö‡πÉ‡∏Ñ‡∏£‡∏≠‡∏¢‡∏≤‡∏Å‡πÄ‡∏´‡πá‡∏ô‡∏£‡∏π‡∏õ‡∏´‡∏£‡∏∑‡∏≠‡∏Ñ‡∏•‡∏¥‡∏õ‡∏ß‡∏¥‡∏î‡∏µ‡πÇ‡∏≠‡∏°‡∏≤‡∏Å‡∏Å‡∏ß‡πà‡∏≤‡∏ô‡∏µ‡πâ‡∏ï‡∏¥‡∏î‡∏ï‡∏≤‡∏°‡πÑ‡∏î‡πâ‡∏ó‡∏µ‡πà Twitter : @TheLastofUsNewsüö® NEW images from the set of 'The Last of Us' in Calgary. (Boston QZ)Via: https://t.co/cxPBvbvCWi | (1/2) pic.twitter.com/bVyoP4f8jv‚Äî The Last of Us Updates (@TheLastofUsNews) September 8, 2021‡πÅ‡∏•‡∏∞‡∏•‡πà‡∏≤‡∏™‡∏∏‡∏î‡πÄ‡∏£‡∏≤‡πÑ‡∏î‡πâ‡πÄ‡∏´‡πá‡∏ô‡∏ú‡∏π‡πâ‡∏£‡∏±‡∏ö‡∏ö‡∏ó‡πÄ‡∏õ‡πá‡∏ô Tess ‡∏ô‡∏±‡πà‡∏ô‡∏Ñ‡∏∑‡∏≠ Anna Torv ‡∏ô‡∏±‡∏Å‡πÅ‡∏™‡∏î‡∏á‡∏ä‡∏≤‡∏ß‡∏≠‡∏≠‡∏™‡πÄ‡∏ï‡∏£‡πÄ‡∏•‡∏µ‡∏¢Pedro Pascal (Joel), Bella Ramsey (Ellie) and Anna Torv (Tess) on the set of #TheLastofUs. pic.twitter.com/ok3GO5zh53‚Äî The Last of Us Updates (@TheLastofUsNews) October 16, 2021#TheLastofUs set on the Memorial flyover in Calgary, CA.üì∏ ProducePrincess | Reddit pic.twitter.com/xaafshN723‚Äî The Last of Us Updates (@TheLastofUsNews) October 16, 2021Naughty Dog ‡∏ï‡∏≠‡∏ô‡∏ô‡∏µ‡πâ‡∏Å‡∏≥‡∏•‡∏±‡∏á‡∏û‡∏±‡∏í‡∏ô‡∏≤‡πÇ‡∏õ‡∏£‡πÄ‡∏à‡∏Ñ‡πÄ‡∏Å‡∏°‡∏°‡∏±‡∏•‡∏ï‡∏¥‡πÄ‡∏û‡∏•‡∏¢‡πå‡πÄ‡∏¢‡∏≠‡∏£‡πå‡∏≠‡∏¢‡∏π‡πà ‡πÅ‡∏ï‡πà‡∏¢‡∏±‡∏á‡πÑ‡∏°‡πà‡πÄ‡∏õ‡∏¥‡∏î‡πÄ‡∏ú‡∏¢‡∏ä‡∏∑‡πà‡∏≠ ‡∏ì ‡∏ï‡∏≠‡∏ô‡∏ô‡∏µ‡πâ‡∏Ñ‡∏≤‡∏î‡∏ß‡πà‡∏≤‡πÄ‡∏õ‡πá‡∏ô‡πÇ‡∏´‡∏°‡∏î Mulitplayer ‡∏Ç‡∏≠‡∏á The Last of Us Part 2 ‡∏´‡∏£‡∏∑‡∏≠‡∏à‡∏∞‡πÄ‡∏õ‡πá‡∏ô NEW IP ‡∏Å‡πá‡∏≠‡∏≤‡∏à‡∏à‡∏∞‡πÄ‡∏õ‡πá‡∏ô‡πÑ‡∏õ‡πÑ‡∏î‡πâ ‡∏≠‡∏µ‡∏Å‡∏ó‡∏±‡πâ‡∏á‡∏•‡πà‡∏≤‡∏™‡∏∏‡∏î‡∏°‡∏µ‡∏Ç‡πà‡∏≤‡∏ß‡∏°‡∏≤‡∏ß‡πà‡∏≤‡∏Å‡∏≥‡∏•‡∏±‡∏á‡∏°‡∏≠‡∏ö‡∏´‡∏°‡∏≤‡∏¢‡πÉ‡∏´‡πâ‡∏ó‡∏µ‡∏°‡∏≠‡∏∑‡πà‡∏ô‡∏û‡∏±‡∏í‡∏ô‡∏≤ The Last of Us remake ‡∏ö‡∏ô‡πÅ‡∏û‡∏•‡∏ï‡∏ü‡∏≠‡∏£‡πå‡∏° PS5. ‡∏™‡πà‡∏ß‡∏ô The Last of Us TV¬† ‡∏¢‡∏±‡∏á‡πÑ‡∏°‡πà‡∏°‡∏µ‡∏Å‡∏≥‡∏´‡∏ô‡∏î‡∏õ‡∏•‡πà‡∏≠‡∏¢‡∏â‡∏≤‡∏Å ‡∏Ñ‡∏á‡∏ï‡πâ‡∏≠‡∏á‡∏£‡∏≠‡∏ñ‡πà‡∏≤‡∏¢‡∏ó‡∏≥‡πÉ‡∏´‡πâ‡πÄ‡∏™‡∏£‡πá‡∏à‡πÄ‡∏£‡∏µ‡∏¢‡∏ö‡∏£‡πâ‡∏≠‡∏¢‡πÅ‡∏•‡πâ‡∏ß‡∏Å‡πà‡∏≠‡∏ô ‡∏≠‡∏≤‡∏à‡∏à‡∏∞‡∏°‡∏µ‡πÇ‡∏≠‡∏Å‡∏≤‡∏™‡πÑ‡∏î‡πâ‡πÄ‡∏´‡πá‡∏ô‡∏ï‡∏±‡∏ß‡∏≠‡∏¢‡πà‡∏≤‡∏á‡∏ä‡πà‡∏ß‡∏á‡∏ô‡∏±‡πâ‡∏ô‡πÅ‡∏ó‡∏ô",th,100.0,
gamingdose,2022/05/04,https://www.gamingdose.com/news/dead-cells-%e0%b9%80%e0%b8%9e%e0%b8%b4%e0%b9%88%e0%b8%a1%e0%b8%9f%e0%b8%b5%e0%b9%80%e0%b8%88%e0%b8%ad%e0%b8%a3%e0%b9%8c%e0%b8%8a%e0%b9%88%e0%b8%a7%e0%b8%a2%e0%b9%80%e0%b8%ab%e0%b8%a5%e0%b8%b7%e0%b8%ad/,Dead Cells ‡πÄ‡∏û‡∏¥‡πà‡∏°‡∏ü‡∏µ‡πÄ‡∏à‡∏≠‡∏£‡πå‡∏ä‡πà‡∏ß‡∏¢‡πÄ‡∏´‡∏•‡∏∑‡∏≠‡∏Å‡∏≤‡∏£‡πÄ‡∏•‡πà‡∏ô‡πÄ‡∏Ç‡πâ‡∏≤‡∏°‡∏≤‡πÉ‡∏ô‡πÄ‡∏Å‡∏° ‡πÄ‡∏û‡∏∑‡πà‡∏≠‡πÉ‡∏´‡πâ‡∏ï‡∏±‡∏ß‡πÄ‡∏Å‡∏°‡πÄ‡∏Ç‡πâ‡∏≤‡∏ñ‡∏∂‡∏á‡∏ú‡∏π‡πâ‡πÄ‡∏•‡πà‡∏ô‡πÑ‡∏î‡πâ‡∏°‡∏≤‡∏Å‡∏¢‡∏¥‡πà‡∏á‡∏Ç‡∏∂‡πâ‡∏ô,‡∏´‡∏ô‡∏∂‡πà‡∏á‡πÉ‡∏ô‡πÄ‡∏Å‡∏° Roguelike ‡∏ó‡∏µ‡πà‡πÇ‡∏î‡πà‡∏á‡∏î‡∏±‡∏á ‡πÅ‡∏•‡∏∞‡πÑ‡∏î‡πâ‡∏£‡∏±‡∏ö‡∏Ñ‡∏≥‡∏ß‡∏¥‡∏à‡∏≤‡∏£‡∏ì‡πå‡πÉ‡∏ô‡πÅ‡∏á‡πà‡∏ö‡∏ß‡∏Å‡∏≠‡∏¢‡πà‡∏≤‡∏á‡∏°‡∏≤‡∏Å ‡∏≠‡∏¢‡πà‡∏≤‡∏á Dead Cells ‡∏°‡∏µ‡∏Å‡∏≤‡∏£‡∏≠‡∏±‡∏õ‡πÄ‡∏î‡∏ï‡πÉ‡∏´‡∏°‡πà‡πÄ‡∏Ç‡πâ‡∏≤‡πÑ‡∏õ‡∏≠‡∏¢‡∏π‡πà‡∏ï‡∏•‡∏≠‡∏î‡πÄ‡∏ß‡∏•‡∏≤‡πÅ‡∏•‡∏∞‡πÉ‡∏ô‡∏ï‡∏≠‡∏ô‡∏ô‡∏µ‡πâ Evil Empire ‡∏ó‡∏µ‡πà‡πÄ‡∏õ‡πá‡∏ô‡∏ú‡∏π‡πâ‡∏£‡πà‡∏ß‡∏°‡∏û‡∏±‡∏í‡∏ô‡∏≤‡πÄ‡∏Å‡∏°‡∏ô‡∏µ‡πâ ‡πÑ‡∏î‡πâ‡∏≠‡∏≠‡∏Å‡∏°‡∏≤‡πÄ‡∏õ‡∏¥‡∏î‡πÄ‡∏ú‡∏¢‡∏ñ‡∏∂‡∏á‡∏£‡∏∞‡∏ö‡∏ö‡∏Å‡∏≤‡∏£‡∏ä‡πà‡∏ß‡∏¢‡πÄ‡∏´‡∏•‡∏∑‡∏≠‡πÉ‡∏ô‡∏Å‡∏≤‡∏£‡πÄ‡∏•‡πà‡∏ô‡∏ï‡πà‡∏≤‡∏á ‡πÜ ‡∏ó‡∏µ‡πà‡∏Å‡∏≥‡∏•‡∏±‡∏á‡∏à‡∏∞‡∏°‡∏≤‡∏ñ‡∏∂‡∏á ‡πÇ‡∏î‡∏¢‡∏°‡∏µ‡∏ó‡∏±‡πâ‡∏á‡πÇ‡∏´‡∏°‡∏î‡∏Å‡∏≤‡∏£‡πÇ‡∏à‡∏°‡∏ï‡∏µ‡∏≠‡∏±‡∏ï‡πÇ‡∏ô‡∏°‡∏±‡∏ï‡∏¥ ‡πÇ‡∏´‡∏°‡∏î Continue ‡∏´‡∏£‡∏∑‡∏≠‡πÄ‡∏•‡πà‡∏ô‡∏ï‡πà‡∏≠‡∏à‡∏≤‡∏Å‡πÄ‡∏î‡∏¥‡∏° ‡πÑ‡∏°‡πà‡∏ï‡πâ‡∏≠‡∏á‡∏ï‡∏≤‡∏¢‡πÅ‡∏•‡πâ‡∏ß‡πÄ‡∏£‡∏¥‡πà‡∏°‡πÉ‡∏´‡∏°‡πà‡∏´‡∏°‡∏î ‡∏£‡∏ß‡∏°‡πÑ‡∏õ‡∏ñ‡∏∂‡∏á‡∏£‡∏∞‡∏ö‡∏ö‡∏ä‡πà‡∏ß‡∏¢‡πÄ‡∏´‡∏•‡∏∑‡∏≠‡∏ï‡πà‡∏≤‡∏á ‡πÜ‡∏ó‡∏µ‡∏°‡∏á‡∏≤‡∏ô‡πÄ‡∏ú‡∏¢‡∏ß‡πà‡∏≤ ‡∏™‡πà‡∏ß‡∏ô‡∏´‡∏ô‡∏∂‡πà‡∏á‡∏Ç‡∏≠‡∏á‡∏Ñ‡∏ß‡∏≤‡∏°‡∏™‡∏ô‡∏∏‡∏Å‡πÅ‡∏•‡∏∞‡∏ó‡∏≥‡πÉ‡∏´‡πâ‡πÄ‡∏Å‡∏°‡∏ô‡∏µ‡πâ‡πÄ‡∏õ‡πá‡∏ô‡∏ó‡∏µ‡πà‡∏£‡∏π‡πâ‡∏à‡∏±‡∏Å‡∏Ñ‡∏∑‡∏≠ ‡∏õ‡∏£‡∏∞‡∏™‡∏ö‡∏Å‡∏≤‡∏£‡∏ì‡πå‡∏Å‡∏≤‡∏£‡πÄ‡∏•‡πà‡∏ô‡πÄ‡∏Å‡∏°‡∏ó‡∏µ‡πà‡∏¢‡∏≤‡∏Å‡∏•‡∏≥‡∏ö‡∏≤‡∏Å ‡πÅ‡∏ï‡πà‡πÅ‡∏ü‡∏£‡πå‡πÅ‡∏•‡∏∞‡∏¢‡∏∏‡∏ï‡∏¥‡∏ò‡∏£‡∏£‡∏° ‡πÅ‡∏ï‡πà‡∏°‡∏±‡∏ô‡∏≠‡∏≤‡∏à‡∏à‡∏∞‡∏ã‡∏±‡∏ö‡∏ã‡πâ‡∏≠‡∏ô‡πÄ‡∏Å‡∏¥‡∏ô‡πÑ‡∏õ‡∏™‡∏≥‡∏´‡∏£‡∏±‡∏ö‡∏ú‡∏π‡πâ‡πÄ‡∏•‡πà‡∏ô‡∏ö‡∏≤‡∏á‡∏Ñ‡∏ô‡πÄ‡∏°‡∏∑‡πà‡∏≠‡πÄ‡∏õ‡∏¥‡∏î‡πÉ‡∏ä‡πâ‡∏á‡∏≤‡∏ô Assist Mode ‡∏à‡∏∞‡∏°‡∏µ‡∏Ç‡πâ‡∏≠‡∏à‡∏≥‡∏Å‡∏±‡∏î‡∏ö‡∏≤‡∏á‡∏≠‡∏¢‡πà‡∏≤‡∏á‡∏Ç‡∏∂‡πâ‡∏ô‡∏°‡∏≤‡πÅ‡∏à‡πâ‡∏á‡πÄ‡∏ï‡∏∑‡∏≠‡∏ô ‡πÅ‡∏•‡∏∞‡∏Ñ‡∏∏‡∏ì‡∏¢‡∏±‡∏á‡πÄ‡∏õ‡∏¥‡∏î‡πÇ‡∏´‡∏°‡∏î Continue ‡πÄ‡∏û‡∏∑‡πà‡∏≠‡πÄ‡∏•‡πà‡∏ô‡∏ï‡πà‡∏≠‡∏à‡∏≤‡∏Å‡∏à‡∏∏‡∏î‡∏ó‡∏µ‡πà‡∏Ñ‡∏∏‡∏ì‡∏ï‡∏≤‡∏¢‡πÑ‡∏î‡πâ ‡πÅ‡∏ó‡∏ô‡∏ó‡∏µ‡πà‡∏à‡∏∞‡πÄ‡∏£‡∏¥‡πà‡∏°‡πÉ‡∏´‡∏°‡πà ‡πÅ‡∏•‡∏∞‡∏¢‡∏±‡∏á‡∏°‡∏µ‡πÇ‡∏´‡∏°‡∏î‡πÇ‡πó‡∏°‡∏ï‡∏µ‡∏≠‡∏±‡∏ï‡πÇ‡∏ô‡∏°‡∏±‡∏ï‡∏¥‡∏î‡πâ‡∏ß‡∏¢ ‡πÄ‡∏£‡∏≤‡∏ô‡∏≥‡∏°‡∏±‡∏ô‡∏°‡∏≤‡∏à‡∏≤‡∏Å‡πÄ‡∏ß‡∏≠‡∏£‡πå‡∏ä‡∏±‡πà‡∏ô‡∏°‡∏∑‡∏≠‡∏ñ‡∏∑‡∏≠‡∏ú‡∏π‡πâ‡∏û‡∏±‡∏í‡∏ô‡∏≤‡∏¢‡∏±‡∏á‡πÄ‡∏ú‡∏¢‡∏ß‡πà‡∏≤ ‡∏°‡∏µ‡∏ï‡∏±‡∏ß‡πÄ‡∏•‡∏∑‡∏≠‡∏Å‡∏°‡∏≤‡∏Å‡∏°‡∏≤‡∏¢‡πÉ‡∏ô‡∏Å‡∏≤‡∏£‡∏ï‡∏±‡πâ‡∏á‡∏Ñ‡πà‡∏≤‡πÅ‡∏•‡∏∞‡∏Ñ‡∏ß‡∏ö‡∏Ñ‡∏∏‡∏°‡πÄ‡∏Å‡∏° ‡πÅ‡∏•‡∏∞‡∏¢‡∏±‡∏á‡∏à‡∏∞‡∏°‡∏µ‡∏Å‡∏≤‡∏£‡∏õ‡∏£‡∏±‡∏ö‡∏õ‡∏£‡∏∏‡∏á UI ‡πÉ‡∏´‡∏°‡πà ‡∏õ‡∏£‡∏±‡∏ö‡∏õ‡∏£‡∏∏‡∏á‡∏ü‡∏≠‡∏ô‡∏ï‡πå ‡∏™‡∏µ ‡∏õ‡∏£‡∏∞‡πÄ‡∏†‡∏ó‡∏ü‡∏≠‡∏ô‡∏ï‡πå‡πÉ‡∏´‡∏°‡πà‡∏≠‡∏µ‡∏Å‡∏°‡∏≤‡∏Å‡∏°‡∏≤‡∏¢‡πÄ‡∏•‡∏¢‡∏ó‡∏µ‡πÄ‡∏î‡∏µ‡∏¢‡∏ß‡πÉ‡∏ô‡∏Å‡∏≤‡∏£‡∏≠‡∏±‡∏õ‡πÄ‡∏î‡∏ï‡∏ô‡∏µ‡πâ ‡πÅ‡∏•‡∏∞‡∏à‡∏∞‡πÄ‡∏û‡∏¥‡πà‡∏°‡πÇ‡∏´‡∏°‡∏î‡∏™‡∏≥‡∏´‡∏£‡∏±‡∏ö‡∏ú‡∏π‡πâ‡πÄ‡∏•‡πà‡∏ô‡∏ï‡∏≤‡∏ö‡∏≠‡∏î‡∏™‡∏µ ‡πÅ‡∏•‡∏∞‡∏≠‡∏∑‡πà‡∏ô ‡πÜ ‡∏≠‡∏µ‡∏Å‡∏°‡∏≤‡∏Å‡∏°‡∏≤‡∏¢‡∏ñ‡∏∑‡∏≠‡∏ß‡πà‡∏≤‡πÄ‡∏õ‡πá‡∏ô‡πÄ‡∏Å‡∏°‡∏ó‡∏µ‡πà‡∏°‡∏≤‡πÑ‡∏Å‡∏•‡∏°‡∏≤‡∏Å ‡πÜ ‡∏™‡∏≥‡∏´‡∏£‡∏±‡∏ö Dead Cells ‡∏ó‡∏µ‡πà‡πÄ‡∏õ‡∏¥‡∏î‡∏ï‡∏±‡∏ß‡∏°‡∏≤‡∏ï‡∏±‡πâ‡∏á‡πÅ‡∏ï‡πà‡∏õ‡∏µ 2019 ‡∏ô‡∏≠‡∏Å‡∏à‡∏≤‡∏Å‡∏à‡∏∞‡∏Ñ‡∏≠‡∏¢‡∏≠‡∏±‡∏õ‡πÄ‡∏î‡∏ï‡πÄ‡∏û‡∏¥‡πà‡∏°‡∏ó‡∏±‡πâ‡∏á‡∏ü‡∏£‡∏µ‡πÅ‡∏•‡∏∞‡πÄ‡∏™‡∏µ‡∏¢‡πÄ‡∏á‡∏¥‡∏ô ‡∏õ‡∏£‡∏∞‡∏™‡∏ö‡∏Å‡∏≤‡∏£‡∏ì‡πå‡πÅ‡∏•‡∏∞ Quality of Life ‡∏Ç‡∏≠‡∏á‡∏ú‡∏π‡πâ‡πÄ‡∏•‡πà‡∏ô‡∏Å‡πá‡∏ñ‡∏π‡∏Å‡∏õ‡∏£‡∏±‡∏ö‡∏õ‡∏£‡∏∏‡∏á‡πÉ‡∏´‡πâ‡∏î‡∏µ‡∏Ç‡∏∂‡πâ‡∏ô‡∏î‡πâ‡∏ß‡∏¢ ‡πÄ‡∏≠‡∏≤‡πÄ‡∏õ‡πá‡∏ô‡∏ß‡πà‡∏≤‡πÉ‡∏Ñ‡∏£‡∏≠‡∏¢‡∏≤‡∏Å‡∏™‡∏±‡∏°‡∏ú‡∏±‡∏™‡πÄ‡∏Å‡∏°‡∏ô‡∏µ‡πâ ‡πÅ‡∏ö‡∏ö‡πÑ‡∏°‡πà‡∏ï‡πâ‡∏≠‡∏á‡∏ï‡∏≤‡∏¢‡πÄ‡∏£‡∏¥‡πà‡∏°‡πÉ‡∏´‡∏°‡πà‡∏´‡∏°‡∏î‡πÅ‡∏ï‡πà‡πÅ‡∏£‡∏Å ‡∏Å‡πá‡∏£‡∏≠‡πÄ‡∏•‡πà‡∏ô‡∏Å‡∏±‡∏ô‡πÑ‡∏î‡πâ‡πÉ‡∏ô Assist Mode ‡πÄ‡∏£‡πá‡∏ß ‡πÜ ‡∏ô‡∏µ‡πâ,th,57.0,
gamingdose,2022/05/04,https://www.gamingdose.com/news/ubisoft-montreal-%e0%b8%9c%e0%b8%b9%e0%b9%89%e0%b9%83%e0%b8%ab%e0%b9%89%e0%b8%81%e0%b8%b3%e0%b9%80%e0%b8%99%e0%b8%b4%e0%b8%94%e0%b9%80%e0%b8%81%e0%b8%a1%e0%b8%95%e0%b9%89%e0%b8%99%e0%b8%89%e0%b8%9a/,Ubisoft Montreal ‡∏ú‡∏π‡πâ‡πÉ‡∏´‡πâ‡∏Å‡∏≥‡πÄ‡∏ô‡∏¥‡∏î‡πÄ‡∏Å‡∏°‡∏ï‡πâ‡∏ô‡∏â‡∏ö‡∏±‡∏ö ‡∏à‡∏∞‡πÄ‡∏Ç‡πâ‡∏≤‡∏°‡∏≤‡∏ô‡∏≥‡∏ó‡∏µ‡∏°‡∏û‡∏±‡∏í‡∏ô‡∏≤ Prince of Persia: The Sands of Time Remake,"‡∏´‡∏•‡∏±‡∏á‡∏õ‡∏£‡∏∞‡∏™‡∏ö‡∏õ‡∏±‡∏ç‡∏´‡∏≤‡πÄ‡∏•‡∏∑‡πà‡∏≠‡∏ô‡πÅ‡∏•‡πâ‡∏ß‡πÄ‡∏•‡∏∑‡πà‡∏≠‡∏ô‡∏≠‡∏µ‡∏Å‡∏à‡∏ô‡∏´‡∏•‡∏≤‡∏¢‡∏Ñ‡∏ô‡πÄ‡∏£‡∏¥‡πà‡∏°‡∏ó‡πâ‡∏≠‡πÉ‡∏à ‡∏•‡πà‡∏≤‡∏™‡∏∏‡∏î Ubisoft ‡∏Å‡πá‡∏õ‡∏£‡∏∞‡∏Å‡∏≤‡∏®‡∏≠‡∏¢‡πà‡∏≤‡∏á‡πÄ‡∏õ‡πá‡∏ô‡∏ó‡∏≤‡∏á‡∏Å‡∏≤‡∏£‡∏ß‡πà‡∏≤ Ubisoft Montreal ‡∏ú‡∏π‡πâ‡πÉ‡∏´‡πâ‡∏Å‡∏≥‡πÄ‡∏ô‡∏¥‡∏î Prince of Persia: The Sands of Time ‡∏ï‡πâ‡∏ô‡∏â‡∏ö‡∏±‡∏ö ‡∏à‡∏∞‡πÄ‡∏Ç‡πâ‡∏≤‡∏°‡∏≤‡∏ô‡∏≥‡∏ó‡∏µ‡∏°‡∏û‡∏±‡∏í‡∏ô‡∏≤‡∏ï‡∏±‡∏ß‡πÄ‡∏Å‡∏°‡∏â‡∏ö‡∏±‡∏ö Remake ‡πÅ‡∏•‡πâ‡∏ß‡πÇ‡∏î‡∏¢‡πÄ‡∏î‡∏¥‡∏°‡∏ó‡∏µ ‡∏ï‡∏±‡∏ß‡πÄ‡∏Å‡∏°‡∏â‡∏ö‡∏±‡∏ö Remake ‡πÄ‡∏õ‡πá‡∏ô‡∏´‡∏ô‡πâ‡∏≤‡∏ó‡∏µ‡πà‡∏Ç‡∏≠‡∏á Ubisoft Pune ‡πÅ‡∏•‡∏∞ Ubisoft Mumbai ‡πÅ‡∏ï‡πà‡∏Å‡πá‡∏Ñ‡∏≤‡∏î‡∏ß‡πà‡∏≤‡∏ó‡∏µ‡∏°‡∏á‡∏≤‡∏ô‡∏Å‡∏≥‡∏•‡∏±‡∏á‡∏õ‡∏£‡∏∞‡∏™‡∏ö‡∏Å‡∏±‡∏ö‡∏õ‡∏±‡∏ç‡∏´‡∏≤‡∏ö‡∏≤‡∏á‡∏≠‡∏¢‡πà‡∏≤‡∏á ‡∏à‡∏∂‡∏á‡∏ó‡∏≥‡πÉ‡∏´‡πâ Ubisoft ‡∏ï‡πâ‡∏≠‡∏á‡∏ï‡∏±‡∏î‡∏™‡∏¥‡∏ô‡πÉ‡∏à‡∏¢‡∏≠‡∏°‡πÄ‡∏™‡∏µ‡∏¢‡πÄ‡∏ß‡∏•‡∏≤‡πÄ‡∏û‡∏¥‡πà‡∏°‡πÅ‡∏•‡∏∞‡∏Å‡∏•‡∏±‡∏ö‡∏°‡∏≤‡∏ï‡∏±‡πâ‡∏á‡∏´‡∏•‡∏±‡∏Å‡∏Å‡∏±‡∏ô‡πÉ‡∏´‡∏°‡πà ‡πÄ‡∏û‡∏∑‡πà‡∏≠‡πÉ‡∏´‡πâ‡πÅ‡∏ô‡πà‡πÉ‡∏à‡∏ß‡πà‡∏≤‡∏°‡∏±‡∏ô‡∏à‡∏∞‡∏°‡∏≠‡∏ö‡∏õ‡∏£‡∏∞‡∏™‡∏ö‡∏Å‡∏≤‡∏£‡∏ì‡πå‡∏ó‡∏µ‡πà‡∏î‡∏µ‡∏ó‡∏µ‡πà‡∏™‡∏∏‡∏î‡∏™‡∏π‡πà‡∏°‡∏∑‡∏≠‡∏Ç‡∏≠‡∏á‡∏ú‡∏π‡πâ‡πÄ‡∏•‡πà‡∏ô‡πÑ‡∏î‡πâ ‡πÄ‡∏°‡∏∑‡πà‡∏≠‡∏ï‡∏±‡∏ß‡πÄ‡∏Å‡∏°‡∏û‡∏£‡πâ‡∏≠‡∏°‡πÅ‡∏•‡πâ‡∏ß‡∏à‡∏£‡∏¥‡∏á ‡πÜPrince of Persia: The Sands of Time Remake ‡∏à‡∏∞‡∏•‡∏á‡πÉ‡∏´‡πâ‡∏Å‡∏±‡∏ö PlayStation 4, Xbox One ‡πÅ‡∏•‡∏∞ PC ‡∏ã‡∏∂‡πà‡∏á‡∏õ‡∏±‡∏à‡∏à‡∏∏‡∏ö‡∏±‡∏ô‡∏¢‡∏±‡∏á‡πÑ‡∏°‡πà‡∏°‡∏µ‡∏Å‡∏≥‡∏´‡∏ô‡∏î‡∏ß‡∏±‡∏ô‡∏ß‡∏≤‡∏á‡∏à‡∏≥‡∏´‡∏ô‡πà‡∏≤‡∏¢‡∏ó‡∏µ‡πà‡∏ä‡∏±‡∏î‡πÄ‡∏à‡∏ôThe development of the Prince Of Persia: The Sands Of Time Remake is now in the hands of Ubisoft Montreal https://t.co/AEpZ8PHUDL‚Äî Nibel (@Nibellion) May 3, 2022",th,53.0,
gamingdose,2022/05/04,https://www.gamingdose.com/news/the-quarry-%e0%b8%88%e0%b8%b0%e0%b8%a1%e0%b8%b5%e0%b8%9f%e0%b8%b5%e0%b9%80%e0%b8%88%e0%b8%ad%e0%b8%a3%e0%b9%8c-death-rewind-%e0%b9%83%e0%b8%ab%e0%b9%89%e0%b8%84%e0%b8%b8%e0%b8%93%e0%b9%81%e0%b8%81/,The Quarry ‡∏à‡∏∞‡∏°‡∏µ‡∏ü‡∏µ‡πÄ‡∏à‡∏≠‡∏£‡πå Death Rewind ‡πÉ‡∏´‡πâ‡∏Ñ‡∏∏‡∏ì‡πÅ‡∏Å‡πâ‡πÑ‡∏Ç‡∏Å‡∏≤‡∏£‡∏Å‡∏£‡∏∞‡∏ó‡∏≥‡∏ó‡∏µ‡πà‡∏ú‡∏¥‡∏î‡∏û‡∏•‡∏≤‡∏î‡∏Ç‡∏≠‡∏á‡∏ï‡∏±‡∏ß‡πÄ‡∏≠‡∏á‡πÑ‡∏î‡πâ,"‡∏ú‡∏•‡∏á‡∏≤‡∏ô‡πÉ‡∏´‡∏°‡πà‡∏à‡∏≤‡∏Å Supermassive Games ‡∏à‡∏∞‡∏°‡∏µ‡∏ü‡∏µ‡πÄ‡∏à‡∏≠‡∏£‡πå‡∏ó‡∏µ‡πà‡∏ú‡∏π‡πâ‡πÄ‡∏•‡πà‡∏ô‡∏à‡∏∞‡∏™‡∏≤‡∏°‡∏≤‡∏£‡∏ñ‡πÅ‡∏Å‡πâ‡πÑ‡∏Ç‡∏Å‡∏≤‡∏£‡∏ï‡∏±‡∏î‡∏™‡∏¥‡∏ô‡πÉ‡∏à‡∏ó‡∏µ‡πà‡∏ú‡∏¥‡∏î‡∏û‡∏•‡∏≤‡∏î‡∏Ç‡∏≠‡∏á‡∏ï‡∏±‡∏ß‡πÄ‡∏≠‡∏á‡πÑ‡∏î‡πâThe Quarry ‡∏Ñ‡∏∑‡∏≠‡∏ú‡∏•‡∏á‡∏≤‡∏ô‡πÉ‡∏´‡∏°‡πà‡∏•‡πà‡∏≤‡∏™‡∏∏‡∏î‡∏Ç‡∏≠‡∏á‡∏™‡∏ï‡∏π‡∏î‡∏¥‡πÇ‡∏≠ Supermassive Games ‡∏ú‡∏π‡πâ‡∏™‡∏£‡πâ‡∏≤‡∏á‡πÄ‡∏Å‡∏°‡∏≠‡∏¢‡πà‡∏≤‡∏á Until Dawn ‡πÅ‡∏•‡∏∞‡∏ã‡∏µ‡∏£‡∏µ‡∏™‡πå The Dark Pictures ‡πÅ‡∏•‡∏∞‡∏£‡∏≤‡∏¢‡∏•‡∏∞‡πÄ‡∏≠‡∏µ‡∏¢‡∏î‡πÉ‡∏´‡∏°‡πà‡∏Ç‡∏≠‡∏á‡πÄ‡∏Å‡∏°‡πÉ‡∏ô‡∏Ñ‡∏£‡∏≤‡∏ß‡∏ô‡∏µ‡πâ‡∏Ñ‡∏∑‡∏≠ ‡∏ú‡∏π‡πâ‡πÄ‡∏•‡πà‡∏ô‡∏à‡∏∞‡∏°‡∏µ‡∏ü‡∏µ‡πÄ‡∏à‡∏≠‡∏£‡πå‡∏ó‡∏µ‡πà‡∏ä‡πà‡∏ß‡∏¢‡∏¢‡πâ‡∏≠‡∏ô‡πÑ‡∏õ‡πÅ‡∏Å‡πâ‡πÑ‡∏Ç‡∏Å‡∏≤‡∏£‡∏ï‡∏±‡∏î‡∏™‡∏¥‡∏ô‡πÉ‡∏à‡∏ó‡∏µ‡πà‡∏ú‡∏¥‡∏î‡∏û‡∏•‡∏≤‡∏î‡πÑ‡∏î‡πâWill Byles ‡∏ú‡∏π‡πâ‡∏≠‡∏≥‡∏ô‡∏ß‡∏¢‡∏Å‡∏≤‡∏£‡∏™‡∏£‡πâ‡∏≤‡∏á‡πÄ‡∏Å‡∏° ‡πÄ‡∏ú‡∏¢‡∏Å‡∏•‡πÑ‡∏Å‡∏Ç‡∏≠‡∏á‡∏£‡∏∞‡∏ö‡∏ö‡∏ô‡∏µ‡πâ‡∏ß‡πà‡∏≤ ‡πÄ‡∏õ‡πá‡∏ô‡∏Å‡∏•‡πÑ‡∏Å‡∏•‡∏≠‡∏á‡πÄ‡∏•‡πà‡∏ô‡πÉ‡∏´‡∏°‡πà‡∏ó‡∏µ‡πà‡∏à‡∏∞‡∏õ‡∏•‡∏î‡∏•‡πá‡∏≠‡∏Ñ‡∏´‡∏•‡∏±‡∏á‡∏à‡∏≤‡∏Å‡∏ó‡∏µ‡πà‡∏Ñ‡∏∏‡∏ì‡πÑ‡∏î‡πâ‡∏£‡∏±‡∏ö‡∏£‡∏π‡πâ‡πÄ‡∏£‡∏∑‡πà‡∏≠‡∏á‡∏£‡∏≤‡∏ß‡πÅ‡∏•‡πâ‡∏ß ‡πÅ‡∏•‡∏∞‡∏´‡∏≤‡∏Å‡∏Ñ‡∏∏‡∏ì‡∏à‡∏≠‡∏á‡πÄ‡∏Å‡∏°‡∏•‡πà‡∏ß‡∏á‡∏´‡∏ô‡πâ‡∏≤‡πÅ‡∏ö‡∏ö Deluxe Edition ‡∏Ñ‡∏∏‡∏ì‡∏à‡∏∞‡πÑ‡∏î‡πâ‡∏£‡∏±‡∏ö 3 ‡∏ä‡∏µ‡∏ß‡∏¥‡∏ï ‡πÉ‡∏´‡πâ‡∏¢‡πâ‡∏≠‡∏ô‡∏Å‡∏≤‡∏£‡∏ï‡∏≤‡∏¢‡πÑ‡∏î‡πâ‡∏ñ‡∏∂‡∏á 3 ‡∏Ñ‡∏£‡∏±‡πâ‡∏á‡∏î‡πâ‡∏ß‡∏¢‡∏Å‡∏±‡∏ô‡πÄ‡∏°‡∏∑‡πà‡∏≠‡πÉ‡∏ä‡πâ‡∏á‡∏≤‡∏ô‡∏£‡∏∞‡∏ö‡∏ö‡∏ô‡∏µ‡πâ ‡∏Ñ‡∏∏‡∏ì‡∏à‡∏∞‡∏ñ‡∏π‡∏Å‡∏¢‡πâ‡∏≠‡∏ô‡∏Å‡∏•‡∏±‡∏ö‡πÑ‡∏õ‡πÉ‡∏ô‡∏ä‡πà‡∏ß‡∏á‡πÄ‡∏ß‡∏•‡∏≤‡∏Å‡∏≤‡∏£‡πÄ‡∏•‡∏∑‡∏≠‡∏Å‡∏ó‡∏µ‡πà‡∏™‡∏≥‡∏Ñ‡∏±‡∏ç‡∏ï‡πà‡∏≤‡∏á ‡πÜ ‡∏ó‡∏µ‡πà‡∏≠‡∏≤‡∏à‡∏à‡∏∞‡∏™‡πà‡∏á‡∏ú‡∏•‡∏ï‡πà‡∏≠‡∏Å‡∏≤‡∏£‡∏ï‡∏≤‡∏¢‡∏Ç‡∏≠‡∏á‡∏ï‡∏±‡∏ß‡∏•‡∏∞‡∏Ñ‡∏£‡∏ô‡∏±‡πâ‡∏ô ‡πÜ ‡πÅ‡∏•‡∏∞‡∏™‡∏≤‡∏°‡∏≤‡∏£‡∏ñ‡πÄ‡∏•‡∏∑‡∏≠‡∏Å‡∏ó‡∏≤‡∏á‡∏≠‡∏∑‡πà‡∏ô‡πÑ‡∏î‡πâ ‡∏´‡∏≤‡∏Å‡∏Ñ‡∏∏‡∏ì‡∏ï‡πâ‡∏≠‡∏á‡∏Å‡∏≤‡∏£ ‡πÅ‡∏°‡πâ‡∏ß‡πà‡∏≤‡∏Å‡∏•‡πÑ‡∏Å‡∏ô‡∏µ‡πâ‡∏à‡∏∞‡∏°‡∏µ‡∏õ‡∏£‡∏∞‡πÇ‡∏¢‡∏ä‡∏ô‡πå‡πÉ‡∏ô‡∏Å‡∏≤‡∏£‡πÄ‡∏•‡πà‡∏ô‡∏Ñ‡∏£‡∏±‡πâ‡∏á‡πÅ‡∏£‡∏Å ‡πÅ‡∏ï‡πà‡∏°‡∏±‡∏ô‡∏à‡∏∞‡∏¢‡∏∏‡πà‡∏á‡∏¢‡∏≤‡∏Å‡πÄ‡∏•‡πá‡∏Å‡∏ô‡πâ‡∏≠‡∏¢ ‡πÄ‡∏û‡∏£‡∏≤‡∏∞‡πÄ‡∏£‡∏≤‡πÑ‡∏°‡πà‡∏£‡∏π‡πâ‡∏ß‡πà‡∏≤‡∏à‡∏∞‡∏°‡∏µ‡∏≠‡∏∞‡πÑ‡∏£‡πÄ‡∏Å‡∏¥‡∏î‡∏Ç‡∏∂‡πâ‡∏ô‡∏ö‡πâ‡∏≤‡∏á‡∏´‡∏•‡∏±‡∏á‡∏Å‡∏≤‡∏£‡πÄ‡∏•‡∏∑‡∏≠‡∏Å‡∏ô‡∏±‡πâ‡∏ôWill ‡πÄ‡∏ú‡∏¢‡∏ß‡πà‡∏≤ ‡∏ï‡∏±‡∏ß‡πÄ‡∏Å‡∏°‡∏à‡∏∞‡∏°‡∏µ‡∏Ñ‡∏ß‡∏≤‡∏°‡∏¢‡∏≤‡∏ß‡∏õ‡∏£‡∏∞‡∏°‡∏≤‡∏ì 10 ‡∏ä‡∏±‡πà‡∏ß‡πÇ‡∏°‡∏á ‡πÅ‡∏•‡∏∞‡∏°‡∏µ‡∏Ñ‡∏∏‡∏ì‡∏Ñ‡πà‡∏≤‡πÉ‡∏ô‡∏Å‡∏≤‡∏£‡πÄ‡∏•‡πà‡∏ô‡∏ã‡πâ‡∏≥‡∏™‡∏π‡∏á‡∏°‡∏≤‡∏Å ‡∏£‡∏ß‡∏°‡πÑ‡∏õ‡∏ñ‡∏∂‡∏á‡∏°‡∏µ‡πÄ‡∏™‡πâ‡∏ô‡∏ó‡∏≤‡∏á‡πÉ‡∏ô‡∏Å‡∏≤‡∏£‡πÄ‡∏•‡∏∑‡∏≠‡∏Å‡∏ó‡∏µ‡πà‡∏´‡∏•‡∏≤‡∏Å‡∏´‡∏•‡∏≤‡∏¢ ‡πÅ‡∏•‡∏∞‡∏°‡∏µ‡∏â‡∏≤‡∏Å‡∏à‡∏ö‡∏°‡∏≤‡∏Å‡∏ñ‡∏∂‡∏á 186 ‡πÅ‡∏ö‡∏ö‡∏î‡πâ‡∏ß‡∏¢‡∏Å‡∏±‡∏ô ‡πÇ‡∏î‡∏¢‡πÄ‡∏Ç‡∏≤‡∏¢‡πâ‡∏≥‡∏ß‡πà‡∏≤‡∏™‡∏≤‡∏°‡∏≤‡∏£‡∏ñ‡πÄ‡∏•‡πà‡∏ô‡∏ã‡πâ‡∏≥‡πÑ‡∏î‡πâ‡∏ó‡∏±‡πâ‡∏á‡∏´‡∏°‡∏î‡∏™‡∏≥‡∏´‡∏£‡∏±‡∏ö‡∏ï‡∏±‡∏ß‡πÄ‡∏Å‡∏°‡∏ô‡∏µ‡πâ‡πÄ‡∏õ‡πá‡∏ô‡πÄ‡∏Å‡∏°‡∏™‡∏∑‡∏ö‡∏ó‡∏≠‡∏î‡∏ó‡∏≤‡∏á‡∏à‡∏¥‡∏ï‡∏ß‡∏¥‡∏ç‡∏ç‡∏≤‡∏ì‡∏Ç‡∏≠‡∏á Until Dawn ‡πÇ‡∏î‡∏¢‡∏°‡∏µ‡∏ô‡∏±‡∏Å‡πÅ‡∏™‡∏î‡∏á‡∏ä‡∏∑‡πà‡∏≠‡∏î‡∏±‡∏á‡∏°‡∏≤‡∏£‡πà‡∏ß‡∏°‡πÅ‡∏à‡∏°‡πÉ‡∏ô‡πÄ‡∏Å‡∏°‡∏î‡πâ‡∏ß‡∏¢‡∏°‡∏≤‡∏Å‡∏°‡∏≤‡∏¢‡πÄ‡∏ä‡πà‡∏ô David Arquette, Justice Smith ‡πÅ‡∏•‡∏∞ Brenda Song ‡∏ï‡∏±‡∏ß‡πÄ‡∏Å‡∏°‡∏°‡∏µ‡∏Å‡∏≥‡∏´‡∏ô‡∏î‡∏ß‡∏≤‡∏á‡∏à‡∏≥‡∏´‡∏ô‡πà‡∏≤‡∏¢ 10 ‡∏°‡∏¥‡∏ñ‡∏∏‡∏ô‡∏≤‡∏¢‡∏ô‡∏ô‡∏µ‡πâ ‡πÅ‡∏ü‡∏ô‡πÄ‡∏Å‡∏°‡∏™‡∏¢‡∏≠‡∏á‡∏Ç‡∏ß‡∏±‡∏ç‡πÅ‡∏•‡∏∞‡∏ä‡∏≠‡∏ö‡∏Å‡∏≤‡∏£‡πÄ‡∏•‡πà‡∏≤‡πÄ‡∏£‡∏∑‡πà‡∏≠‡∏á‡∏Å‡πá‡∏£‡∏≠‡∏ï‡∏¥‡∏î‡∏ï‡∏≤‡∏°‡∏Å‡∏±‡∏ô‡πÑ‡∏ß‡πâ‡πÉ‡∏´‡πâ‡∏î‡∏µ",th,57.0,
gamingdose,2022/05/04,https://www.gamingdose.com/news/netlfix-%e0%b8%9b%e0%b8%a5%e0%b9%88%e0%b8%ad%e0%b8%a2%e0%b8%a7%e0%b8%b4%e0%b8%94%e0%b8%b5%e0%b9%82%e0%b8%ad%e0%b8%aa%e0%b8%b1%e0%b9%89%e0%b8%99-%e0%b9%86-%e0%b9%80%e0%b8%9c%e0%b8%a2%e0%b9%82%e0%b8%89/#comments,Netlfix ‡∏õ‡∏•‡πà‡∏≠‡∏¢‡∏ß‡∏¥‡∏î‡∏µ‡πÇ‡∏≠‡∏™‡∏±‡πâ‡∏ô ‡πÜ ‡πÄ‡∏ú‡∏¢‡πÇ‡∏â‡∏°‡πÅ‡∏£‡∏Å‡∏Ç‡∏≠‡∏á Sonic Prime ‡∏ã‡∏µ‡∏£‡∏µ‡∏™‡πå‡πÅ‡∏≠‡∏ô‡∏¥‡πÄ‡∏°‡∏ä‡∏±‡∏ô 3D ‡∏ó‡∏µ‡πà‡∏°‡∏µ‡∏Å‡∏≥‡∏´‡∏ô‡∏î‡∏â‡∏≤‡∏¢‡∏†‡∏≤‡∏¢‡πÉ‡∏ô‡∏õ‡∏µ‡∏ô‡∏µ‡πâ,"‡∏´‡∏•‡∏±‡∏á‡∏à‡∏≤‡∏Å‡∏ó‡∏µ‡πà‡πÄ‡∏á‡∏µ‡∏¢‡∏ö‡∏´‡∏≤‡∏¢‡πÑ‡∏õ‡πÑ‡∏î‡πâ‡∏™‡∏±‡∏Å‡∏û‡∏±‡∏Å ‡πÉ‡∏ô‡∏ó‡∏µ‡πà‡∏™‡∏∏‡∏î Netflix ‡∏Å‡πá‡πÄ‡∏ú‡∏¢‡πÇ‡∏â‡∏°‡πÅ‡∏£‡∏Å‡∏Ç‡∏≠‡∏á ‚ÄúSonic Prime‚Äù ‡∏ã‡∏µ‡∏£‡∏µ‡∏™‡πå‡πÅ‡∏≠‡∏ô‡∏¥‡πÄ‡∏°‡∏ä‡∏±‡∏ô‡∏â‡∏ö‡∏±‡∏ö 3D ‡∏≠‡∏≠‡∏Å‡∏°‡∏≤‡πÅ‡∏•‡πâ‡∏ß‡πÄ‡∏£‡∏µ‡∏¢‡∏ö‡∏£‡πâ‡∏≠‡∏¢‡∏à‡∏≤‡∏Å‡∏ß‡∏¥‡∏î‡∏µ‡πÇ‡∏≠‡∏ô‡∏µ‡πâ ‡πÄ‡∏£‡∏≤‡∏Å‡πá‡∏à‡∏∞‡πÑ‡∏î‡πâ‡πÄ‡∏´‡πá‡∏ô‡πÇ‡∏â‡∏°‡∏´‡∏ô‡πâ‡∏≤‡∏Ç‡∏≠‡∏á Sonic ‡πÅ‡∏ö‡∏ö‡πÄ‡∏ï‡πá‡∏° ‡πÜ ‡∏û‡∏£‡πâ‡∏≠‡∏°‡πÄ‡∏™‡∏µ‡∏¢‡∏á‡∏û‡∏≤‡∏Å‡∏¢‡πå ‡∏ã‡∏∂‡πà‡∏á‡∏Å‡πá‡∏¢‡∏±‡∏á‡∏Ñ‡∏á‡πÄ‡∏≠‡∏Å‡∏•‡∏±‡∏Å‡∏©‡∏ì‡πå‡∏ó‡∏µ‡πà‡πÅ‡∏ü‡∏ô ‡πÜ ‡∏Ñ‡∏∏‡πâ‡∏ô‡πÄ‡∏Ñ‡∏¢‡∏Å‡∏±‡∏ô‡πÑ‡∏ß‡πâ‡∏≠‡∏¢‡πà‡∏≤‡∏á‡∏î‡∏µ ‡πÅ‡∏•‡∏∞‡∏ï‡πâ‡∏≠‡∏á‡∏£‡∏≠‡∏ï‡∏¥‡∏î‡∏ï‡∏≤‡∏°‡∏î‡∏π‡∏£‡∏≤‡∏¢‡∏•‡∏∞‡πÄ‡∏≠‡∏µ‡∏¢‡∏î‡πÄ‡∏û‡∏¥‡πà‡∏°‡πÄ‡∏ï‡∏¥‡∏°‡∏Å‡∏±‡∏ô‡∏ï‡πà‡∏≠‡πÑ‡∏õ‡∏™‡∏≥‡∏´‡∏£‡∏±‡∏ö Sonic Prime ‡∏à‡∏∞‡πÄ‡∏õ‡πá‡∏ô‡∏Ñ‡∏ß‡∏≤‡∏°‡∏£‡πà‡∏ß‡∏°‡∏°‡∏∑‡∏≠‡∏Å‡∏±‡∏ô‡∏Ç‡∏≠‡∏á‡∏ó‡∏≤‡∏á‡∏™‡∏ï‡∏π‡∏î‡∏¥‡πÇ‡∏≠ WildBrain ‡πÅ‡∏•‡∏∞ Man of Action Entertainment, ‡∏ó‡∏µ‡∏°‡∏á‡∏≤‡∏ô‡∏ú‡∏π‡πâ‡∏≠‡∏¢‡∏π‡πà‡πÄ‡∏ö‡∏∑‡πâ‡∏≠‡∏á‡∏´‡∏•‡∏±‡∏á Ben 10 ‡∏£‡∏ß‡∏°‡∏ñ‡∏∂‡∏á‡∏≠‡∏ô‡∏¥‡πÄ‡∏°‡∏ä‡∏±‡∏ô‡∏î‡∏±‡∏î‡πÅ‡∏õ‡∏•‡∏á‡∏à‡∏≤‡∏Å‡∏Å‡∏≤‡∏£‡πå‡∏ï‡∏π‡∏ô Marvel ‡∏≠‡∏µ‡∏Å‡∏°‡∏≤‡∏Å‡∏°‡∏≤‡∏¢‡πÇ‡∏î‡∏¢‡πÄ‡∏£‡∏∑‡πà‡∏≠‡∏á‡∏ô‡∏µ‡πâ‡∏Å‡πá‡∏à‡∏∞‡∏°‡∏µ‡∏Ñ‡∏ß‡∏≤‡∏°‡∏¢‡∏≤‡∏ß‡∏ñ‡∏∂‡∏á 24 ‡∏ï‡∏≠‡∏ô ‡πÅ‡∏•‡∏∞‡∏°‡∏µ‡∏Å‡∏≥‡∏´‡∏ô‡∏î‡∏•‡∏á Netflix ‡∏†‡∏≤‡∏¢‡πÉ‡∏ô‡∏õ‡∏µ‡∏ô‡∏µ‡πâ ‡∏ã‡∏∂‡πà‡∏á‡∏ñ‡πâ‡∏≤‡∏°‡∏µ‡∏ß‡∏¥‡∏î‡∏µ‡πÇ‡∏≠‡∏ï‡∏±‡∏ß‡∏≠‡∏¢‡πà‡∏≤‡∏á‡πÅ‡∏ö‡∏ö‡πÄ‡∏ï‡πá‡∏° ‡πÜ ‡∏≠‡∏≠‡∏Å‡∏°‡∏≤‡πÅ‡∏•‡πâ‡∏ß ‡πÄ‡∏£‡∏≤‡∏Å‡πá‡∏à‡∏∞‡∏°‡∏≤‡∏≠‡∏±‡∏õ‡πÄ‡∏î‡∏ï‡πÉ‡∏´‡πâ‡∏ó‡∏£‡∏≤‡∏ö‡∏Å‡∏±‡∏ô‡∏≠‡∏µ‡∏Å‡∏Ñ‡∏£‡∏±‡πâ‡∏á",th,39.0,Positive
gamingdose,2022/05/04,https://www.gamingdose.com/news/%e0%b9%81%e0%b8%9f%e0%b8%99-nba-%e0%b8%9e%e0%b8%9a-ben-simmons-%e0%b8%99%e0%b8%b1%e0%b8%81%e0%b8%81%e0%b8%b5%e0%b8%ac%e0%b8%b2%e0%b8%9a%e0%b8%b2%e0%b8%aa%e0%b8%af-%e0%b8%8a%e0%b8%b7%e0%b9%88%e0%b8%ad/#comments,‡πÅ‡∏ü‡∏ô NBA ‡∏û‡∏ö Ben Simmons ‡∏ô‡∏±‡∏Å‡∏Å‡∏µ‡∏¨‡∏≤‡∏ö‡∏≤‡∏™‡∏Ø ‡∏ä‡∏∑‡πà‡∏≠‡∏î‡∏±‡∏á ‡∏ï‡∏¥‡∏î‡πÄ‡∏Å‡∏°‡πÄ‡∏•‡πà‡∏ô Call of Duty: Modern Warfare ‡∏ï‡∏¥‡∏î‡∏ï‡πà‡∏≠ 23 ‡∏ä‡∏±‡πà‡∏ß‡πÇ‡∏°‡∏á‡πÇ‡∏î‡∏¢‡πÑ‡∏°‡πà‡∏°‡∏µ‡∏û‡∏±‡∏Å,"‡∏ô‡∏±‡∏Å‡∏Å‡∏µ‡∏¨‡∏≤‡∏ö‡∏≤‡∏™‡πÄ‡∏Å‡∏ï‡∏ö‡∏≠‡∏•‡∏£‡∏∞‡∏î‡∏±‡∏ö‡∏ã‡∏π‡πÄ‡∏õ‡∏≠‡∏£‡πå‡∏™‡∏ï‡∏≤‡∏£‡πå ‡∏ï‡∏¥‡∏î Call of Duty ‡πÄ‡∏•‡πà‡∏ô‡∏ô‡∏≤‡∏ô‡∏ï‡∏¥‡∏î‡∏ï‡πà‡∏≠‡∏Å‡∏±‡∏ô‡∏´‡∏•‡∏≤‡∏¢‡∏ä‡∏±‡πà‡∏ß‡πÇ‡∏°‡∏á ‡πÅ‡∏•‡∏∞‡∏î‡∏π‡πÄ‡∏´‡∏°‡∏∑‡∏≠‡∏ô‡∏ß‡πà‡∏≤‡πÅ‡∏ü‡∏ô ‡πÜ NBA ‡∏ö‡∏≤‡∏á‡∏Ñ‡∏ô‡∏à‡∏∞‡πÑ‡∏°‡πà‡∏õ‡∏•‡∏∑‡πâ‡∏°‡∏™‡∏±‡∏Å‡πÄ‡∏ó‡πà‡∏≤‡πÑ‡∏´‡∏£‡πà‡∏ô‡∏±‡∏Å‡πÄ‡∏°‡∏∑‡πà‡∏≠‡∏ß‡∏±‡∏ô‡∏ó‡∏µ‡πà 29 ‡πÄ‡∏°‡∏©‡∏≤‡∏¢‡∏ô‡∏ó‡∏µ‡πà‡∏ú‡πà‡∏≤‡∏ô‡∏°‡∏≤ ‡∏°‡∏µ‡∏ä‡∏≤‡∏ß Discord ‡πÉ‡∏ô‡∏ä‡πà‡∏≠‡∏á Seth Curry ‡∏Ñ‡πâ‡∏ô‡∏û‡∏ö‡∏ß‡πà‡∏≤ Ben Simmons ‡∏ô‡∏±‡∏Å‡∏Å‡∏µ‡∏¨‡∏≤‡∏ö‡∏≤‡∏™‡πÄ‡∏Å‡∏ï‡∏ö‡∏≠‡∏•‡∏£‡∏∞‡∏î‡∏±‡∏ö NBA ‡πÉ‡∏ô‡∏™‡πÇ‡∏°‡∏™‡∏£ Brooklyn Nets¬†‡πÑ‡∏î‡πâ‡∏ó‡∏≥‡∏Å‡∏≤‡∏£‡∏≠‡∏≠‡∏ô‡πÑ‡∏•‡∏ô‡πå‡∏ú‡πà‡∏≤‡∏ô PlayStation Network ‡πÅ‡∏•‡πâ‡∏ß‡πÄ‡∏•‡πà‡∏ô‡πÄ‡∏Å‡∏° Call of Duty: Modern Warfare ‡∏ï‡∏¥‡∏î‡∏ï‡πà‡∏≠‡∏Å‡∏±‡∏ô‡∏ô‡∏≤‡∏ô‡∏ñ‡∏∂‡∏á 23 ‡∏ä‡∏±‡πà‡∏ß‡πÇ‡∏°‡∏á 3 ‡∏ô‡∏≤‡∏ó‡∏µ‡∏´‡∏≤‡∏Å‡∏°‡∏≠‡∏á‡∏Ç‡πâ‡∏≤‡∏°‡πÄ‡∏£‡∏∑‡πà‡∏≠‡∏á‡∏Å‡∏≤‡∏£‡πÄ‡∏•‡πà‡∏ô‡πÄ‡∏Å‡∏°‡∏ô‡∏≤‡∏ô‡∏ï‡∏¥‡∏î‡∏ï‡πà‡∏≠‡∏Å‡∏±‡∏ô 23 ‡∏ä‡∏±‡πà‡∏ß‡πÇ‡∏°‡∏á ‡∏ú‡∏π‡πâ‡πÄ‡∏•‡πà‡∏ô‡∏´‡∏•‡∏≤‡∏¢‡∏Ñ‡∏ô‡∏≠‡∏≤‡∏à‡∏°‡∏≠‡∏á‡∏ß‡πà‡∏≤‡πÄ‡∏õ‡πá‡∏ô‡πÄ‡∏£‡∏∑‡πà‡∏≠‡∏á‡∏õ‡∏Å‡∏ï‡∏¥‡∏ó‡∏µ‡πà‡∏ö‡∏≤‡∏á‡∏ä‡πà‡∏ß‡∏á‡πÄ‡∏ß‡∏•‡∏≤ ‡∏ô‡∏±‡∏Å‡∏Å‡∏µ‡∏¨‡∏≤‡∏à‡∏∞‡πÉ‡∏ä‡πâ‡πÄ‡∏ß‡∏•‡∏≤‡∏ß‡πà‡∏≤‡∏á‡πÄ‡∏•‡πà‡∏ô‡πÄ‡∏Å‡∏°‡∏£‡∏∞‡∏´‡∏ß‡πà‡∏≤‡∏á‡∏Å‡∏≤‡∏£‡∏û‡∏±‡∏Å‡∏ú‡πà‡∏≠‡∏ô ‡πÅ‡∏ï‡πà‡∏≠‡∏¢‡πà‡∏≤‡∏á‡πÑ‡∏£‡∏Å‡πá‡∏ï‡∏≤‡∏° ‡∏ï‡∏≠‡∏ô‡∏ô‡∏µ‡πâ Ben Simmons ‡∏Å‡∏≥‡∏•‡∏±‡∏á‡∏°‡∏µ‡∏ä‡∏∑‡πà‡∏≠‡πÄ‡∏™‡∏µ‡∏¢‡∏á‡∏ó‡∏µ‡πà‡πÑ‡∏°‡πà‡∏î‡∏µ‡πÉ‡∏ô‡∏î‡πâ‡∏≤‡∏ô‡∏û‡∏§‡∏ï‡∏¥‡∏Å‡∏£‡∏£‡∏° ‚Äú‡∏Ç‡∏≤‡∏î‡∏Ñ‡∏ß‡∏≤‡∏°‡πÄ‡∏õ‡πá‡∏ô‡∏ô‡∏±‡∏Å‡∏Å‡∏µ‡∏¨‡∏≤‡∏ó‡∏µ‡πà‡∏î‡∏µ‚Äù ‡πÄ‡∏ä‡πà‡∏ô ‡πÇ‡∏î‡∏î‡∏Å‡∏≤‡∏£‡∏ù‡∏∂‡∏Å‡∏ã‡πâ‡∏≠‡∏°‡∏ö‡πà‡∏≠‡∏¢ ‡πÑ‡∏°‡πà‡∏¢‡∏≠‡∏°‡πÄ‡∏Ç‡πâ‡∏≤‡∏£‡πà‡∏ß‡∏°‡πÅ‡∏Ç‡πà‡∏á‡∏Ç‡∏±‡∏ô ‡πÅ‡∏•‡∏∞‡∏•‡πà‡∏≤‡∏™‡∏∏‡∏î ‡πÄ‡∏Ç‡∏≤‡∏Å‡πá‡πÑ‡∏°‡πà‡πÑ‡∏î‡πâ‡πÄ‡∏Ç‡πâ‡∏≤‡πÅ‡∏Ç‡πà‡∏á‡∏Ç‡∏±‡∏ô‡∏ä‡πà‡∏ß‡∏á Playoffs ‡πÇ‡∏î‡∏¢‡∏≠‡πâ‡∏≤‡∏á‡∏ß‡πà‡∏≤ ‚Äú‡∏°‡∏µ‡∏≠‡∏≤‡∏Å‡∏≤‡∏£‡∏ö‡∏≤‡∏î‡πÄ‡∏à‡πá‡∏ö‡∏ó‡∏µ‡πà‡∏™‡πà‡∏ß‡∏ô‡∏´‡∏•‡∏±‡∏á‚ÄùBen Simmons is 23 hours deep on his Call Of Duty game.h/t Seth Curry's discord server (link in replies) pic.twitter.com/mPNuCZlPSA‚Äî Broad Street Buddies (@BroadStBuddies) April 10, 2022‡∏´‡∏•‡∏±‡∏á‡∏à‡∏≤‡∏Å‡πÅ‡∏ü‡∏ô NBA ‡∏ö‡∏≤‡∏á‡∏™‡πà‡∏ß‡∏ô‡∏û‡∏ö‡∏ß‡πà‡∏≤ Ben Simmons ‡∏´‡∏°‡∏î‡πÄ‡∏ß‡∏•‡∏≤‡πÑ‡∏õ‡∏Å‡∏±‡∏ö‡∏Å‡∏≤‡∏£‡πÄ‡∏•‡πà‡∏ô‡πÄ‡∏Å‡∏° Call of Duty: Modern Warfare 23 ‡∏ä‡∏±‡πà‡∏ß‡πÇ‡∏°‡∏á ‡∏ó‡∏≥‡πÉ‡∏´‡πâ‡πÄ‡∏Ç‡∏≤‡πÇ‡∏î‡∏ô‡∏ß‡∏¥‡∏û‡∏≤‡∏Å‡∏©‡πå‡∏ß‡∏¥‡∏à‡∏≤‡∏£‡∏ì‡πå‡∏ß‡πà‡∏≤‡πÄ‡∏û‡∏¥‡πà‡∏á‡πÄ‡∏ã‡πá‡∏ô‡∏™‡∏±‡∏ç‡∏ç‡∏≤‡πÄ‡∏Ç‡πâ‡∏≤‡∏°‡∏≤‡∏≠‡∏¢‡∏π‡πà‡∏Å‡∏±‡∏ö‡∏™‡πÇ‡∏°‡∏™‡∏£ Brooklyn Nets ‡πÅ‡∏•‡∏∞‡∏ó‡∏µ‡∏°‡∏≠‡∏¢‡∏π‡πà‡∏£‡∏∞‡∏´‡∏ß‡πà‡∏≤‡∏á‡∏Å‡∏≤‡∏£‡πÅ‡∏Ç‡πà‡∏á‡∏Ç‡∏±‡∏ô Playoff ‡πÅ‡∏ï‡πà‡πÄ‡∏Ç‡∏≤‡∏Å‡∏•‡∏±‡∏ö‡πÄ‡∏≠‡∏≤‡πÅ‡∏ï‡πà‡πÄ‡∏•‡πà‡∏ô‡πÄ‡∏Å‡∏°‡πÉ‡∏ô‡∏£‡∏∞‡∏´‡∏ß‡πà‡∏≤‡∏á‡∏£‡∏±‡∏Å‡∏©‡∏≤‡∏≠‡∏≤‡∏Å‡∏≤‡∏£‡∏ö‡∏≤‡∏î‡πÄ‡∏à‡πá‡∏ö ‡πÅ‡∏•‡∏∞‡πÑ‡∏°‡πà‡∏°‡∏µ‡πÉ‡∏Ñ‡∏£‡∏ó‡∏£‡∏≤‡∏ö‡∏ß‡πà‡∏≤ Simmons ‡∏û‡∏±‡∏Å‡πÄ‡∏û‡∏£‡∏≤‡∏∞‡∏ö‡∏≤‡∏î‡πÄ‡∏à‡πá‡∏ö‡∏à‡∏£‡∏¥‡∏á ‡πÜ ‡∏´‡∏£‡∏∑‡∏≠‡πÅ‡∏Ñ‡πà‡∏Å‡∏•‡πà‡∏≤‡∏ß‡∏≠‡πâ‡∏≤‡∏á‡πÄ‡∏û‡∏∑‡πà‡∏≠‡πÑ‡∏°‡πà‡∏≠‡∏¢‡∏≤‡∏Å‡∏•‡∏á‡πÄ‡∏•‡πà‡∏ô‡πÅ‡∏Ç‡πà‡∏á‡∏Ç‡∏±‡∏ô‡∏≠‡∏¢‡πà‡∏≤‡∏á‡πÑ‡∏£‡∏Å‡πá‡∏ï‡∏≤‡∏° ‡πÅ‡∏ü‡∏ô NBA ‡∏ö‡∏≤‡∏á‡∏™‡πà‡∏ß‡∏ô‡∏ï‡∏±‡πâ‡∏á‡∏Ç‡πâ‡∏≠‡∏™‡∏á‡∏™‡∏±‡∏¢‡∏ß‡πà‡∏≤‡∏Ñ‡∏ß‡∏≤‡∏°‡∏à‡∏£‡∏¥‡∏á‡πÅ‡∏•‡πâ‡∏ß Ben Simmons ‡∏≠‡∏≤‡∏à‡∏à‡∏∞‡πÄ‡∏û‡∏µ‡∏¢‡∏á AFK (Always from Keyboard) ‡∏ó‡∏µ‡πà‡πÄ‡∏õ‡∏¥‡∏î‡∏ó‡∏¥‡πâ‡∏á‡πÑ‡∏ß‡πâ‡πÇ‡∏î‡∏¢‡πÑ‡∏°‡πà‡∏≠‡∏≠‡∏Å‡∏à‡∏≤‡∏Å‡πÄ‡∏Å‡∏° ‡πÄ‡∏û‡∏£‡∏≤‡∏∞‡∏î‡πâ‡∏ß‡∏¢‡∏ò‡∏£‡∏£‡∏°‡∏ä‡∏≤‡∏ï‡∏¥‡∏Ç‡∏≠‡∏á‡πÄ‡∏Å‡∏° FPS ‡∏ó‡∏µ‡πà‡∏°‡∏µ‡∏Å‡∏≤‡∏£‡πÅ‡∏Ç‡πà‡∏á‡∏Ç‡∏±‡∏ô‡∏™‡∏π‡∏á ‡∏à‡∏∂‡∏á‡πÄ‡∏õ‡πá‡∏ô‡πÑ‡∏õ‡πÑ‡∏°‡πà‡πÑ‡∏î‡πâ‡∏ó‡∏µ‡πà Simmons ‡∏à‡∏∞‡∏™‡∏≤‡∏°‡∏≤‡∏£‡∏ñ‡πÄ‡∏•‡πà‡∏ô‡πÄ‡∏Å‡∏°‡∏î‡∏±‡∏á‡∏Å‡∏•‡πà‡∏≤‡∏ß‡πÑ‡∏î‡πâ‡∏ï‡∏•‡∏≠‡∏î 23 ‡∏ä‡∏±‡πà‡∏ß‡πÇ‡∏°‡∏áBen Simmons ‡∏¢‡∏±‡∏á‡πÑ‡∏°‡πà‡∏°‡∏µ‡∏Å‡∏≤‡∏£‡πÅ‡∏™‡∏î‡∏á‡∏Ñ‡∏ß‡∏≤‡∏°‡∏Ñ‡∏¥‡∏î‡πÄ‡∏´‡πá‡∏ô‡πÄ‡∏Å‡∏µ‡πà‡∏¢‡∏ß‡∏Å‡∏±‡∏ö‡∏õ‡∏£‡∏∞‡πÄ‡∏î‡πá‡∏ô‡∏Å‡∏≤‡∏£‡πÄ‡∏•‡πà‡∏ô‡πÄ‡∏Å‡∏° Call of Duty ‡∏ô‡∏≤‡∏ô‡∏ñ‡∏∂‡∏á 23 ‡∏ä‡∏±‡πà‡∏ß‡πÇ‡∏°‡∏á ‡∏à‡∏ô‡∏ñ‡∏∂‡∏á‡∏ï‡∏≠‡∏ô‡∏ô‡∏±‡πâ‡∏ô ‡∏ñ‡πâ‡∏≤‡∏´‡∏≤‡∏Å‡∏°‡∏µ‡∏Ç‡πà‡∏≤‡∏ß‡∏™‡∏≤‡∏£‡πÄ‡∏Å‡∏°‡∏ó‡∏µ‡πà‡∏ô‡πà‡∏≤‡∏™‡∏ô‡πÉ‡∏à ‡∏ó‡∏≤‡∏á‡∏ó‡∏µ‡∏°‡∏á‡∏≤‡∏ô GamingDose ‡∏à‡∏∞‡∏£‡∏≤‡∏¢‡∏á‡∏≤‡∏ô‡∏Å‡∏±‡∏ô‡∏ï‡πà‡∏≠‡πÑ‡∏õ‡∏ó‡∏µ‡πà‡∏°‡∏≤: dmarge",th,108.0,Neutral
gamingdose,2022/05/04,https://www.gamingdose.com/news/dead-cells-%e0%b9%80%e0%b8%9e%e0%b8%b4%e0%b9%88%e0%b8%a1%e0%b8%9f%e0%b8%b5%e0%b9%80%e0%b8%88%e0%b8%ad%e0%b8%a3%e0%b9%8c%e0%b8%8a%e0%b9%88%e0%b8%a7%e0%b8%a2%e0%b9%80%e0%b8%ab%e0%b8%a5%e0%b8%b7%e0%b8%ad/#comments,Dead Cells ‡πÄ‡∏û‡∏¥‡πà‡∏°‡∏ü‡∏µ‡πÄ‡∏à‡∏≠‡∏£‡πå‡∏ä‡πà‡∏ß‡∏¢‡πÄ‡∏´‡∏•‡∏∑‡∏≠‡∏Å‡∏≤‡∏£‡πÄ‡∏•‡πà‡∏ô‡πÄ‡∏Ç‡πâ‡∏≤‡∏°‡∏≤‡πÉ‡∏ô‡πÄ‡∏Å‡∏° ‡πÄ‡∏û‡∏∑‡πà‡∏≠‡πÉ‡∏´‡πâ‡∏ï‡∏±‡∏ß‡πÄ‡∏Å‡∏°‡πÄ‡∏Ç‡πâ‡∏≤‡∏ñ‡∏∂‡∏á‡∏ú‡∏π‡πâ‡πÄ‡∏•‡πà‡∏ô‡πÑ‡∏î‡πâ‡∏°‡∏≤‡∏Å‡∏¢‡∏¥‡πà‡∏á‡∏Ç‡∏∂‡πâ‡∏ô,‡∏´‡∏ô‡∏∂‡πà‡∏á‡πÉ‡∏ô‡πÄ‡∏Å‡∏° Roguelike ‡∏ó‡∏µ‡πà‡πÇ‡∏î‡πà‡∏á‡∏î‡∏±‡∏á ‡πÅ‡∏•‡∏∞‡πÑ‡∏î‡πâ‡∏£‡∏±‡∏ö‡∏Ñ‡∏≥‡∏ß‡∏¥‡∏à‡∏≤‡∏£‡∏ì‡πå‡πÉ‡∏ô‡πÅ‡∏á‡πà‡∏ö‡∏ß‡∏Å‡∏≠‡∏¢‡πà‡∏≤‡∏á‡∏°‡∏≤‡∏Å ‡∏≠‡∏¢‡πà‡∏≤‡∏á Dead Cells ‡∏°‡∏µ‡∏Å‡∏≤‡∏£‡∏≠‡∏±‡∏õ‡πÄ‡∏î‡∏ï‡πÉ‡∏´‡∏°‡πà‡πÄ‡∏Ç‡πâ‡∏≤‡πÑ‡∏õ‡∏≠‡∏¢‡∏π‡πà‡∏ï‡∏•‡∏≠‡∏î‡πÄ‡∏ß‡∏•‡∏≤‡πÅ‡∏•‡∏∞‡πÉ‡∏ô‡∏ï‡∏≠‡∏ô‡∏ô‡∏µ‡πâ Evil Empire ‡∏ó‡∏µ‡πà‡πÄ‡∏õ‡πá‡∏ô‡∏ú‡∏π‡πâ‡∏£‡πà‡∏ß‡∏°‡∏û‡∏±‡∏í‡∏ô‡∏≤‡πÄ‡∏Å‡∏°‡∏ô‡∏µ‡πâ ‡πÑ‡∏î‡πâ‡∏≠‡∏≠‡∏Å‡∏°‡∏≤‡πÄ‡∏õ‡∏¥‡∏î‡πÄ‡∏ú‡∏¢‡∏ñ‡∏∂‡∏á‡∏£‡∏∞‡∏ö‡∏ö‡∏Å‡∏≤‡∏£‡∏ä‡πà‡∏ß‡∏¢‡πÄ‡∏´‡∏•‡∏∑‡∏≠‡πÉ‡∏ô‡∏Å‡∏≤‡∏£‡πÄ‡∏•‡πà‡∏ô‡∏ï‡πà‡∏≤‡∏á ‡πÜ ‡∏ó‡∏µ‡πà‡∏Å‡∏≥‡∏•‡∏±‡∏á‡∏à‡∏∞‡∏°‡∏≤‡∏ñ‡∏∂‡∏á ‡πÇ‡∏î‡∏¢‡∏°‡∏µ‡∏ó‡∏±‡πâ‡∏á‡πÇ‡∏´‡∏°‡∏î‡∏Å‡∏≤‡∏£‡πÇ‡∏à‡∏°‡∏ï‡∏µ‡∏≠‡∏±‡∏ï‡πÇ‡∏ô‡∏°‡∏±‡∏ï‡∏¥ ‡πÇ‡∏´‡∏°‡∏î Continue ‡∏´‡∏£‡∏∑‡∏≠‡πÄ‡∏•‡πà‡∏ô‡∏ï‡πà‡∏≠‡∏à‡∏≤‡∏Å‡πÄ‡∏î‡∏¥‡∏° ‡πÑ‡∏°‡πà‡∏ï‡πâ‡∏≠‡∏á‡∏ï‡∏≤‡∏¢‡πÅ‡∏•‡πâ‡∏ß‡πÄ‡∏£‡∏¥‡πà‡∏°‡πÉ‡∏´‡∏°‡πà‡∏´‡∏°‡∏î ‡∏£‡∏ß‡∏°‡πÑ‡∏õ‡∏ñ‡∏∂‡∏á‡∏£‡∏∞‡∏ö‡∏ö‡∏ä‡πà‡∏ß‡∏¢‡πÄ‡∏´‡∏•‡∏∑‡∏≠‡∏ï‡πà‡∏≤‡∏á ‡πÜ‡∏ó‡∏µ‡∏°‡∏á‡∏≤‡∏ô‡πÄ‡∏ú‡∏¢‡∏ß‡πà‡∏≤ ‡∏™‡πà‡∏ß‡∏ô‡∏´‡∏ô‡∏∂‡πà‡∏á‡∏Ç‡∏≠‡∏á‡∏Ñ‡∏ß‡∏≤‡∏°‡∏™‡∏ô‡∏∏‡∏Å‡πÅ‡∏•‡∏∞‡∏ó‡∏≥‡πÉ‡∏´‡πâ‡πÄ‡∏Å‡∏°‡∏ô‡∏µ‡πâ‡πÄ‡∏õ‡πá‡∏ô‡∏ó‡∏µ‡πà‡∏£‡∏π‡πâ‡∏à‡∏±‡∏Å‡∏Ñ‡∏∑‡∏≠ ‡∏õ‡∏£‡∏∞‡∏™‡∏ö‡∏Å‡∏≤‡∏£‡∏ì‡πå‡∏Å‡∏≤‡∏£‡πÄ‡∏•‡πà‡∏ô‡πÄ‡∏Å‡∏°‡∏ó‡∏µ‡πà‡∏¢‡∏≤‡∏Å‡∏•‡∏≥‡∏ö‡∏≤‡∏Å ‡πÅ‡∏ï‡πà‡πÅ‡∏ü‡∏£‡πå‡πÅ‡∏•‡∏∞‡∏¢‡∏∏‡∏ï‡∏¥‡∏ò‡∏£‡∏£‡∏° ‡πÅ‡∏ï‡πà‡∏°‡∏±‡∏ô‡∏≠‡∏≤‡∏à‡∏à‡∏∞‡∏ã‡∏±‡∏ö‡∏ã‡πâ‡∏≠‡∏ô‡πÄ‡∏Å‡∏¥‡∏ô‡πÑ‡∏õ‡∏™‡∏≥‡∏´‡∏£‡∏±‡∏ö‡∏ú‡∏π‡πâ‡πÄ‡∏•‡πà‡∏ô‡∏ö‡∏≤‡∏á‡∏Ñ‡∏ô‡πÄ‡∏°‡∏∑‡πà‡∏≠‡πÄ‡∏õ‡∏¥‡∏î‡πÉ‡∏ä‡πâ‡∏á‡∏≤‡∏ô Assist Mode ‡∏à‡∏∞‡∏°‡∏µ‡∏Ç‡πâ‡∏≠‡∏à‡∏≥‡∏Å‡∏±‡∏î‡∏ö‡∏≤‡∏á‡∏≠‡∏¢‡πà‡∏≤‡∏á‡∏Ç‡∏∂‡πâ‡∏ô‡∏°‡∏≤‡πÅ‡∏à‡πâ‡∏á‡πÄ‡∏ï‡∏∑‡∏≠‡∏ô ‡πÅ‡∏•‡∏∞‡∏Ñ‡∏∏‡∏ì‡∏¢‡∏±‡∏á‡πÄ‡∏õ‡∏¥‡∏î‡πÇ‡∏´‡∏°‡∏î Continue ‡πÄ‡∏û‡∏∑‡πà‡∏≠‡πÄ‡∏•‡πà‡∏ô‡∏ï‡πà‡∏≠‡∏à‡∏≤‡∏Å‡∏à‡∏∏‡∏î‡∏ó‡∏µ‡πà‡∏Ñ‡∏∏‡∏ì‡∏ï‡∏≤‡∏¢‡πÑ‡∏î‡πâ ‡πÅ‡∏ó‡∏ô‡∏ó‡∏µ‡πà‡∏à‡∏∞‡πÄ‡∏£‡∏¥‡πà‡∏°‡πÉ‡∏´‡∏°‡πà ‡πÅ‡∏•‡∏∞‡∏¢‡∏±‡∏á‡∏°‡∏µ‡πÇ‡∏´‡∏°‡∏î‡πÇ‡πó‡∏°‡∏ï‡∏µ‡∏≠‡∏±‡∏ï‡πÇ‡∏ô‡∏°‡∏±‡∏ï‡∏¥‡∏î‡πâ‡∏ß‡∏¢ ‡πÄ‡∏£‡∏≤‡∏ô‡∏≥‡∏°‡∏±‡∏ô‡∏°‡∏≤‡∏à‡∏≤‡∏Å‡πÄ‡∏ß‡∏≠‡∏£‡πå‡∏ä‡∏±‡πà‡∏ô‡∏°‡∏∑‡∏≠‡∏ñ‡∏∑‡∏≠‡∏ú‡∏π‡πâ‡∏û‡∏±‡∏í‡∏ô‡∏≤‡∏¢‡∏±‡∏á‡πÄ‡∏ú‡∏¢‡∏ß‡πà‡∏≤ ‡∏°‡∏µ‡∏ï‡∏±‡∏ß‡πÄ‡∏•‡∏∑‡∏≠‡∏Å‡∏°‡∏≤‡∏Å‡∏°‡∏≤‡∏¢‡πÉ‡∏ô‡∏Å‡∏≤‡∏£‡∏ï‡∏±‡πâ‡∏á‡∏Ñ‡πà‡∏≤‡πÅ‡∏•‡∏∞‡∏Ñ‡∏ß‡∏ö‡∏Ñ‡∏∏‡∏°‡πÄ‡∏Å‡∏° ‡πÅ‡∏•‡∏∞‡∏¢‡∏±‡∏á‡∏à‡∏∞‡∏°‡∏µ‡∏Å‡∏≤‡∏£‡∏õ‡∏£‡∏±‡∏ö‡∏õ‡∏£‡∏∏‡∏á UI ‡πÉ‡∏´‡∏°‡πà ‡∏õ‡∏£‡∏±‡∏ö‡∏õ‡∏£‡∏∏‡∏á‡∏ü‡∏≠‡∏ô‡∏ï‡πå ‡∏™‡∏µ ‡∏õ‡∏£‡∏∞‡πÄ‡∏†‡∏ó‡∏ü‡∏≠‡∏ô‡∏ï‡πå‡πÉ‡∏´‡∏°‡πà‡∏≠‡∏µ‡∏Å‡∏°‡∏≤‡∏Å‡∏°‡∏≤‡∏¢‡πÄ‡∏•‡∏¢‡∏ó‡∏µ‡πÄ‡∏î‡∏µ‡∏¢‡∏ß‡πÉ‡∏ô‡∏Å‡∏≤‡∏£‡∏≠‡∏±‡∏õ‡πÄ‡∏î‡∏ï‡∏ô‡∏µ‡πâ ‡πÅ‡∏•‡∏∞‡∏à‡∏∞‡πÄ‡∏û‡∏¥‡πà‡∏°‡πÇ‡∏´‡∏°‡∏î‡∏™‡∏≥‡∏´‡∏£‡∏±‡∏ö‡∏ú‡∏π‡πâ‡πÄ‡∏•‡πà‡∏ô‡∏ï‡∏≤‡∏ö‡∏≠‡∏î‡∏™‡∏µ ‡πÅ‡∏•‡∏∞‡∏≠‡∏∑‡πà‡∏ô ‡πÜ ‡∏≠‡∏µ‡∏Å‡∏°‡∏≤‡∏Å‡∏°‡∏≤‡∏¢‡∏ñ‡∏∑‡∏≠‡∏ß‡πà‡∏≤‡πÄ‡∏õ‡πá‡∏ô‡πÄ‡∏Å‡∏°‡∏ó‡∏µ‡πà‡∏°‡∏≤‡πÑ‡∏Å‡∏•‡∏°‡∏≤‡∏Å ‡πÜ ‡∏™‡∏≥‡∏´‡∏£‡∏±‡∏ö Dead Cells ‡∏ó‡∏µ‡πà‡πÄ‡∏õ‡∏¥‡∏î‡∏ï‡∏±‡∏ß‡∏°‡∏≤‡∏ï‡∏±‡πâ‡∏á‡πÅ‡∏ï‡πà‡∏õ‡∏µ 2019 ‡∏ô‡∏≠‡∏Å‡∏à‡∏≤‡∏Å‡∏à‡∏∞‡∏Ñ‡∏≠‡∏¢‡∏≠‡∏±‡∏õ‡πÄ‡∏î‡∏ï‡πÄ‡∏û‡∏¥‡πà‡∏°‡∏ó‡∏±‡πâ‡∏á‡∏ü‡∏£‡∏µ‡πÅ‡∏•‡∏∞‡πÄ‡∏™‡∏µ‡∏¢‡πÄ‡∏á‡∏¥‡∏ô ‡∏õ‡∏£‡∏∞‡∏™‡∏ö‡∏Å‡∏≤‡∏£‡∏ì‡πå‡πÅ‡∏•‡∏∞ Quality of Life ‡∏Ç‡∏≠‡∏á‡∏ú‡∏π‡πâ‡πÄ‡∏•‡πà‡∏ô‡∏Å‡πá‡∏ñ‡∏π‡∏Å‡∏õ‡∏£‡∏±‡∏ö‡∏õ‡∏£‡∏∏‡∏á‡πÉ‡∏´‡πâ‡∏î‡∏µ‡∏Ç‡∏∂‡πâ‡∏ô‡∏î‡πâ‡∏ß‡∏¢ ‡πÄ‡∏≠‡∏≤‡πÄ‡∏õ‡πá‡∏ô‡∏ß‡πà‡∏≤‡πÉ‡∏Ñ‡∏£‡∏≠‡∏¢‡∏≤‡∏Å‡∏™‡∏±‡∏°‡∏ú‡∏±‡∏™‡πÄ‡∏Å‡∏°‡∏ô‡∏µ‡πâ ‡πÅ‡∏ö‡∏ö‡πÑ‡∏°‡πà‡∏ï‡πâ‡∏≠‡∏á‡∏ï‡∏≤‡∏¢‡πÄ‡∏£‡∏¥‡πà‡∏°‡πÉ‡∏´‡∏°‡πà‡∏´‡∏°‡∏î‡πÅ‡∏ï‡πà‡πÅ‡∏£‡∏Å ‡∏Å‡πá‡∏£‡∏≠‡πÄ‡∏•‡πà‡∏ô‡∏Å‡∏±‡∏ô‡πÑ‡∏î‡πâ‡πÉ‡∏ô Assist Mode ‡πÄ‡∏£‡πá‡∏ß ‡πÜ ‡∏ô‡∏µ‡πâ,th,57.0,Neutral
gamingdose,2022/05/04,https://www.gamingdose.com/news/%e0%b8%aa%e0%b8%b2%e0%b8%a2%e0%b8%aa%e0%b8%b0%e0%b8%aa%e0%b8%a1%e0%b9%84%e0%b8%a1%e0%b9%88%e0%b8%84%e0%b8%a7%e0%b8%a3%e0%b8%9e%e0%b8%a5%e0%b8%b2%e0%b8%94-sifu-%e0%b9%80%e0%b8%81%e0%b8%a1%e0%b9%81/,‡∏™‡∏≤‡∏¢‡∏™‡∏∞‡∏™‡∏°‡πÑ‡∏°‡πà‡∏Ñ‡∏ß‡∏£‡∏û‡∏•‡∏≤‡∏î SIFU ‡πÄ‡∏Å‡∏°‡πÅ‡∏≠‡πá‡∏Ñ‡∏ä‡∏±‡πà‡∏ô‡∏ß‡∏¥‡∏ó‡∏¢‡∏≤‡∏¢‡∏∏‡∏ó‡∏ò‡πå‡∏™‡∏∏‡∏î‡πÄ‡∏î‡∏∑‡∏≠‡∏î ‡πÄ‡∏ï‡∏£‡∏µ‡∏¢‡∏°‡∏ß‡∏≤‡∏á‡∏à‡∏≥‡∏´‡∏ô‡πà‡∏≤‡∏¢‡πÅ‡∏ö‡∏ö‡πÅ‡∏ú‡πà‡∏ô‡πÉ‡∏ô‡∏õ‡∏£‡∏∞‡πÄ‡∏ó‡∏®‡πÑ‡∏ó‡∏¢,‡∏ß‡∏≤‡∏á‡∏à‡∏≥‡∏´‡∏ô‡πà‡∏≤‡∏¢‡πÉ‡∏ô‡∏£‡∏π‡∏õ‡πÅ‡∏ö‡∏ö‡∏î‡∏¥‡∏à‡∏¥‡∏ó‡∏±‡∏•‡∏°‡∏≤‡∏ï‡∏±‡πâ‡∏á‡πÅ‡∏ï‡πà‡∏ä‡πà‡∏ß‡∏á‡πÄ‡∏î‡∏∑‡∏≠‡∏ô‡∏Å‡∏∏‡∏°‡∏†‡∏≤‡∏û‡∏±‡∏ô‡∏ò‡πå‡∏ó‡∏µ‡πà‡∏ú‡πà‡∏≤‡∏ô‡∏°‡∏≤ ‡∏™‡∏≥‡∏´‡∏£‡∏±‡∏ö‡πÄ‡∏Å‡∏°‡πÅ‡∏≠‡πá‡∏Ñ‡∏ä‡∏±‡πà‡∏ô‡∏ß‡∏¥‡∏ó‡∏¢‡∏≤‡∏¢‡∏∏‡∏ó‡∏ò‡πå‡∏™‡∏∏‡∏î‡∏°‡∏±‡∏ô SIFU‡πÅ‡∏ï‡πà‡∏ï‡∏≠‡∏ô‡∏ô‡∏µ‡πâ‡∏™‡∏≤‡∏ß‡∏Å‡∏™‡∏≤‡∏¢‡πÄ‡∏Å‡πá‡∏ö‡πÅ‡∏ú‡πà‡∏ô‡∏™‡∏∞‡∏™‡∏°‡∏ó‡∏±‡πâ‡∏á‡∏´‡∏•‡∏≤‡∏¢ ‡∏Å‡πá‡∏ñ‡∏∂‡∏á‡πÄ‡∏ß‡∏•‡∏≤‡πÄ‡∏ï‡∏£‡∏µ‡∏¢‡∏°‡πÄ‡∏á‡∏¥‡∏ô‡πÑ‡∏õ‡∏à‡∏±‡∏ö‡∏à‡∏≠‡∏á‡πÄ‡∏õ‡πá‡∏ô‡πÄ‡∏à‡πâ‡∏≤‡∏Ç‡∏≠‡∏á‡∏Å‡∏±‡∏ô‡πÅ‡∏•‡πâ‡∏ß ‡∏Å‡∏±‡∏ö SIFU ‡πÄ‡∏ß‡∏≠‡∏£‡πå‡∏ä‡∏±‡πà‡∏ô‡πÅ‡∏ú‡πà‡∏ô‡πÄ‡∏Å‡∏°‡∏Ç‡∏≠‡∏á‡πÄ‡∏Ñ‡∏£‡∏∑‡πà‡∏≠‡∏á PlayStation 4 ‡πÅ‡∏•‡∏∞ PlayStation 5 ‡∏ó‡∏µ‡πà‡πÑ‡∏î‡πâ Ripples TH ‡πÄ‡∏õ‡πá‡∏ô‡∏ï‡∏±‡∏ß‡πÅ‡∏ó‡∏ô‡∏à‡∏±‡∏î‡∏à‡∏≥‡∏´‡∏ô‡πà‡∏≤‡∏¢‡πÉ‡∏ô‡∏õ‡∏£‡∏∞‡πÄ‡∏ó‡∏®‡πÑ‡∏ó‡∏¢‡∏™‡∏≥‡∏´‡∏£‡∏±‡∏ö‡∏ï‡∏±‡∏ß‡πÄ‡∏Å‡∏° SIFU ‡πÄ‡∏ß‡∏≠‡∏£‡πå‡∏ä‡∏±‡πà‡∏ô‡πÅ‡∏ú‡πà‡∏ô‡∏ô‡∏µ‡πâ‡∏à‡∏∞‡∏°‡∏µ‡∏ó‡∏±‡πâ‡∏á‡∏ö‡∏ô PC ‡πÅ‡∏•‡∏∞ PS4/PS5 ‡∏™‡∏≥‡∏´‡∏£‡∏±‡∏ö‡πÄ‡∏ß‡∏≠‡∏£‡πå‡∏ä‡∏±‡πà‡∏ô‡∏Ñ‡∏≠‡∏ô‡πÇ‡∏ã‡∏•‡∏à‡∏∞‡πÑ‡∏î‡πâ‡∏Ç‡∏≠‡∏á‡πÅ‡∏ñ‡∏°‡πÄ‡∏õ‡πá‡∏ô‡∏ó‡∏±‡πâ‡∏á‡∏Å‡∏•‡πà‡∏≠‡∏á‡πÄ‡∏´‡∏•‡πá‡∏Å‡πÄ‡∏Å‡∏° ‡πÅ‡∏ú‡πà‡∏ô‡πÄ‡∏Å‡∏° ‡πÄ‡∏ô‡∏∑‡πâ‡∏≠‡∏´‡∏≤ Artbook ‡πÑ‡∏ü‡∏•‡πå‡πÄ‡∏û‡∏•‡∏á‡∏õ‡∏£‡∏∞‡∏Å‡∏≠‡∏ö ‡∏™‡πà‡∏ß‡∏ô‡πÄ‡∏ß‡∏≠‡∏£‡πå‡∏ä‡∏±‡πà‡∏ô PC ‡∏Å‡πá‡∏à‡∏∞‡πÑ‡∏î‡πâ‡πÑ‡∏≠‡πÄ‡∏ó‡∏°‡πÄ‡∏´‡∏°‡∏∑‡∏≠‡∏ô‡∏Å‡∏±‡∏ô ‡πÅ‡∏ï‡πà‡∏à‡∏∞‡πÑ‡∏°‡πà‡∏°‡∏µ‡πÅ‡∏ú‡πà‡∏ô‡πÄ‡∏Å‡∏°‡πÉ‡∏´‡πâ ‡πÅ‡∏ï‡πà‡πÄ‡∏õ‡πá‡∏ô‡πÇ‡∏Ñ‡πä‡∏î‡∏î‡∏≤‡∏ß‡∏ô‡πå‡πÇ‡∏´‡∏•‡∏î‡∏ï‡∏±‡∏ß‡πÄ‡∏Å‡∏°‡∏ö‡∏ô Epic Games Store ‡πÅ‡∏ó‡∏ô‡πÅ‡∏•‡∏∞‡∏™‡∏≥‡∏´‡∏£‡∏±‡∏ö‡πÄ‡∏ß‡∏≠‡∏£‡πå‡∏ä‡∏±‡πà‡∏ô‡πÅ‡∏ú‡πà‡∏ô‡∏ô‡∏µ‡πâ ‡∏à‡∏∞‡πÄ‡∏õ‡πá‡∏ô‡∏ï‡∏±‡∏ß‡πÄ‡∏Å‡∏°‡πÄ‡∏ß‡∏≠‡∏£‡πå‡∏ä‡∏±‡πà‡∏ô‡∏≠‡∏±‡∏õ‡πÄ‡∏î‡∏ï‡πÉ‡∏´‡∏°‡πà‡∏ó‡∏µ‡πà‡∏™‡∏≤‡∏°‡∏≤‡∏£‡∏ñ‡∏õ‡∏£‡∏±‡∏ö‡πÇ‡∏´‡∏°‡∏î‡∏Ñ‡∏ß‡∏≤‡∏°‡∏¢‡∏≤‡∏Å‡∏Ç‡∏≠‡∏á‡πÄ‡∏Å‡∏°‡πÑ‡∏î‡πâ‡∏î‡πâ‡∏ß‡∏¢ ‡∏á‡∏≤‡∏ô‡∏ô‡∏µ‡πâ‡∏´‡∏ô‡πâ‡∏≤‡πÉ‡∏´‡∏°‡πà ‡∏™‡∏π‡πâ‡∏Å‡∏±‡∏ö‡∏®‡∏±‡∏ï‡∏£‡∏π‡πÑ‡∏°‡πà‡πÑ‡∏´‡∏ß ‡πÄ‡∏•‡πà‡∏ô‡πÇ‡∏´‡∏°‡∏î‡∏á‡πà‡∏≤‡∏¢‡πÑ‡∏õ‡∏Å‡πà‡∏≠‡∏ô ‡πÅ‡∏•‡πâ‡∏ß‡∏Ñ‡πà‡∏≠‡∏¢‡∏≠‡∏±‡∏õ‡πÄ‡∏Å‡∏£‡∏î‡∏ù‡∏µ‡∏°‡∏∑‡∏≠‡∏ó‡∏µ‡∏´‡∏•‡∏±‡∏á‡πÑ‡∏î‡πâ,th,36.0,Negative
gamingdose,2022/05/04,https://www.gamingdose.com/news/%e0%b8%aa%e0%b8%b2%e0%b8%a2%e0%b8%aa%e0%b8%b0%e0%b8%aa%e0%b8%a1%e0%b9%84%e0%b8%a1%e0%b9%88%e0%b8%84%e0%b8%a7%e0%b8%a3%e0%b8%9e%e0%b8%a5%e0%b8%b2%e0%b8%94-sifu-%e0%b9%80%e0%b8%81%e0%b8%a1%e0%b9%81/#comments,‡∏™‡∏≤‡∏¢‡∏™‡∏∞‡∏™‡∏°‡πÑ‡∏°‡πà‡∏Ñ‡∏ß‡∏£‡∏û‡∏•‡∏≤‡∏î SIFU ‡πÄ‡∏Å‡∏°‡πÅ‡∏≠‡πá‡∏Ñ‡∏ä‡∏±‡πà‡∏ô‡∏ß‡∏¥‡∏ó‡∏¢‡∏≤‡∏¢‡∏∏‡∏ó‡∏ò‡πå‡∏™‡∏∏‡∏î‡πÄ‡∏î‡∏∑‡∏≠‡∏î ‡πÄ‡∏ï‡∏£‡∏µ‡∏¢‡∏°‡∏ß‡∏≤‡∏á‡∏à‡∏≥‡∏´‡∏ô‡πà‡∏≤‡∏¢‡πÅ‡∏ö‡∏ö‡πÅ‡∏ú‡πà‡∏ô‡πÉ‡∏ô‡∏õ‡∏£‡∏∞‡πÄ‡∏ó‡∏®‡πÑ‡∏ó‡∏¢,‡∏ß‡∏≤‡∏á‡∏à‡∏≥‡∏´‡∏ô‡πà‡∏≤‡∏¢‡πÉ‡∏ô‡∏£‡∏π‡∏õ‡πÅ‡∏ö‡∏ö‡∏î‡∏¥‡∏à‡∏¥‡∏ó‡∏±‡∏•‡∏°‡∏≤‡∏ï‡∏±‡πâ‡∏á‡πÅ‡∏ï‡πà‡∏ä‡πà‡∏ß‡∏á‡πÄ‡∏î‡∏∑‡∏≠‡∏ô‡∏Å‡∏∏‡∏°‡∏†‡∏≤‡∏û‡∏±‡∏ô‡∏ò‡πå‡∏ó‡∏µ‡πà‡∏ú‡πà‡∏≤‡∏ô‡∏°‡∏≤ ‡∏™‡∏≥‡∏´‡∏£‡∏±‡∏ö‡πÄ‡∏Å‡∏°‡πÅ‡∏≠‡πá‡∏Ñ‡∏ä‡∏±‡πà‡∏ô‡∏ß‡∏¥‡∏ó‡∏¢‡∏≤‡∏¢‡∏∏‡∏ó‡∏ò‡πå‡∏™‡∏∏‡∏î‡∏°‡∏±‡∏ô SIFU‡πÅ‡∏ï‡πà‡∏ï‡∏≠‡∏ô‡∏ô‡∏µ‡πâ‡∏™‡∏≤‡∏ß‡∏Å‡∏™‡∏≤‡∏¢‡πÄ‡∏Å‡πá‡∏ö‡πÅ‡∏ú‡πà‡∏ô‡∏™‡∏∞‡∏™‡∏°‡∏ó‡∏±‡πâ‡∏á‡∏´‡∏•‡∏≤‡∏¢ ‡∏Å‡πá‡∏ñ‡∏∂‡∏á‡πÄ‡∏ß‡∏•‡∏≤‡πÄ‡∏ï‡∏£‡∏µ‡∏¢‡∏°‡πÄ‡∏á‡∏¥‡∏ô‡πÑ‡∏õ‡∏à‡∏±‡∏ö‡∏à‡∏≠‡∏á‡πÄ‡∏õ‡πá‡∏ô‡πÄ‡∏à‡πâ‡∏≤‡∏Ç‡∏≠‡∏á‡∏Å‡∏±‡∏ô‡πÅ‡∏•‡πâ‡∏ß ‡∏Å‡∏±‡∏ö SIFU ‡πÄ‡∏ß‡∏≠‡∏£‡πå‡∏ä‡∏±‡πà‡∏ô‡πÅ‡∏ú‡πà‡∏ô‡πÄ‡∏Å‡∏°‡∏Ç‡∏≠‡∏á‡πÄ‡∏Ñ‡∏£‡∏∑‡πà‡∏≠‡∏á PlayStation 4 ‡πÅ‡∏•‡∏∞ PlayStation 5 ‡∏ó‡∏µ‡πà‡πÑ‡∏î‡πâ Ripples TH ‡πÄ‡∏õ‡πá‡∏ô‡∏ï‡∏±‡∏ß‡πÅ‡∏ó‡∏ô‡∏à‡∏±‡∏î‡∏à‡∏≥‡∏´‡∏ô‡πà‡∏≤‡∏¢‡πÉ‡∏ô‡∏õ‡∏£‡∏∞‡πÄ‡∏ó‡∏®‡πÑ‡∏ó‡∏¢‡∏™‡∏≥‡∏´‡∏£‡∏±‡∏ö‡∏ï‡∏±‡∏ß‡πÄ‡∏Å‡∏° SIFU ‡πÄ‡∏ß‡∏≠‡∏£‡πå‡∏ä‡∏±‡πà‡∏ô‡πÅ‡∏ú‡πà‡∏ô‡∏ô‡∏µ‡πâ‡∏à‡∏∞‡∏°‡∏µ‡∏ó‡∏±‡πâ‡∏á‡∏ö‡∏ô PC ‡πÅ‡∏•‡∏∞ PS4/PS5 ‡∏™‡∏≥‡∏´‡∏£‡∏±‡∏ö‡πÄ‡∏ß‡∏≠‡∏£‡πå‡∏ä‡∏±‡πà‡∏ô‡∏Ñ‡∏≠‡∏ô‡πÇ‡∏ã‡∏•‡∏à‡∏∞‡πÑ‡∏î‡πâ‡∏Ç‡∏≠‡∏á‡πÅ‡∏ñ‡∏°‡πÄ‡∏õ‡πá‡∏ô‡∏ó‡∏±‡πâ‡∏á‡∏Å‡∏•‡πà‡∏≠‡∏á‡πÄ‡∏´‡∏•‡πá‡∏Å‡πÄ‡∏Å‡∏° ‡πÅ‡∏ú‡πà‡∏ô‡πÄ‡∏Å‡∏° ‡πÄ‡∏ô‡∏∑‡πâ‡∏≠‡∏´‡∏≤ Artbook ‡πÑ‡∏ü‡∏•‡πå‡πÄ‡∏û‡∏•‡∏á‡∏õ‡∏£‡∏∞‡∏Å‡∏≠‡∏ö ‡∏™‡πà‡∏ß‡∏ô‡πÄ‡∏ß‡∏≠‡∏£‡πå‡∏ä‡∏±‡πà‡∏ô PC ‡∏Å‡πá‡∏à‡∏∞‡πÑ‡∏î‡πâ‡πÑ‡∏≠‡πÄ‡∏ó‡∏°‡πÄ‡∏´‡∏°‡∏∑‡∏≠‡∏ô‡∏Å‡∏±‡∏ô ‡πÅ‡∏ï‡πà‡∏à‡∏∞‡πÑ‡∏°‡πà‡∏°‡∏µ‡πÅ‡∏ú‡πà‡∏ô‡πÄ‡∏Å‡∏°‡πÉ‡∏´‡πâ ‡πÅ‡∏ï‡πà‡πÄ‡∏õ‡πá‡∏ô‡πÇ‡∏Ñ‡πä‡∏î‡∏î‡∏≤‡∏ß‡∏ô‡πå‡πÇ‡∏´‡∏•‡∏î‡∏ï‡∏±‡∏ß‡πÄ‡∏Å‡∏°‡∏ö‡∏ô Epic Games Store ‡πÅ‡∏ó‡∏ô‡πÅ‡∏•‡∏∞‡∏™‡∏≥‡∏´‡∏£‡∏±‡∏ö‡πÄ‡∏ß‡∏≠‡∏£‡πå‡∏ä‡∏±‡πà‡∏ô‡πÅ‡∏ú‡πà‡∏ô‡∏ô‡∏µ‡πâ ‡∏à‡∏∞‡πÄ‡∏õ‡πá‡∏ô‡∏ï‡∏±‡∏ß‡πÄ‡∏Å‡∏°‡πÄ‡∏ß‡∏≠‡∏£‡πå‡∏ä‡∏±‡πà‡∏ô‡∏≠‡∏±‡∏õ‡πÄ‡∏î‡∏ï‡πÉ‡∏´‡∏°‡πà‡∏ó‡∏µ‡πà‡∏™‡∏≤‡∏°‡∏≤‡∏£‡∏ñ‡∏õ‡∏£‡∏±‡∏ö‡πÇ‡∏´‡∏°‡∏î‡∏Ñ‡∏ß‡∏≤‡∏°‡∏¢‡∏≤‡∏Å‡∏Ç‡∏≠‡∏á‡πÄ‡∏Å‡∏°‡πÑ‡∏î‡πâ‡∏î‡πâ‡∏ß‡∏¢ ‡∏á‡∏≤‡∏ô‡∏ô‡∏µ‡πâ‡∏´‡∏ô‡πâ‡∏≤‡πÉ‡∏´‡∏°‡πà ‡∏™‡∏π‡πâ‡∏Å‡∏±‡∏ö‡∏®‡∏±‡∏ï‡∏£‡∏π‡πÑ‡∏°‡πà‡πÑ‡∏´‡∏ß ‡πÄ‡∏•‡πà‡∏ô‡πÇ‡∏´‡∏°‡∏î‡∏á‡πà‡∏≤‡∏¢‡πÑ‡∏õ‡∏Å‡πà‡∏≠‡∏ô ‡πÅ‡∏•‡πâ‡∏ß‡∏Ñ‡πà‡∏≠‡∏¢‡∏≠‡∏±‡∏õ‡πÄ‡∏Å‡∏£‡∏î‡∏ù‡∏µ‡∏°‡∏∑‡∏≠‡∏ó‡∏µ‡∏´‡∏•‡∏±‡∏á‡πÑ‡∏î‡πâ,th,36.0,Negative
gamingdose,2022/05/04,https://www.gamingdose.com/news/fortnite-%e0%b9%80%e0%b8%95%e0%b8%a3%e0%b8%b5%e0%b8%a2%e0%b8%a1%e0%b8%99%e0%b8%b3%e0%b8%81%e0%b8%a3%e0%b8%b0%e0%b8%9a%e0%b8%b5%e0%b9%88%e0%b9%81%e0%b8%aa%e0%b8%87%e0%b9%84%e0%b8%a5%e0%b8%97%e0%b9%8c/,Fortnite ‡πÄ‡∏ï‡∏£‡∏µ‡∏¢‡∏°‡∏ô‡∏≥‡∏Å‡∏£‡∏∞‡∏ö‡∏µ‡πà‡πÅ‡∏™‡∏á‡πÑ‡∏•‡∏ó‡πå‡πÄ‡∏ã‡πÄ‡∏ö‡∏≠‡∏£‡πå‡∏Å‡∏•‡∏±‡∏ö‡∏°‡∏≤‡πÉ‡∏´‡πâ‡∏ü‡∏≤‡∏î‡∏Å‡∏±‡∏ô‡∏Å‡∏±‡∏ô‡∏≠‡∏µ‡∏Å‡∏£‡∏≠‡∏ö‡πÉ‡∏ô‡∏ß‡∏±‡∏ô‡∏ó‡∏µ‡πà 4 ‡∏û‡∏§‡∏©‡∏†‡∏≤‡∏Ñ‡∏°‡∏ô‡∏µ‡πâ,‡∏Ç‡πà‡∏≤‡∏ß‡∏•‡∏∑‡∏≠‡πÄ‡∏Å‡∏µ‡πà‡∏¢‡∏ß‡∏Å‡∏±‡∏ö Fortnite ‡∏Å‡∏•‡∏±‡∏ö‡∏°‡∏≤‡∏≠‡∏µ‡∏Å‡∏£‡∏≠‡∏ö ‡∏ã‡∏∂‡πà‡∏á‡πÇ‡∏≠‡∏Å‡∏≤‡∏™‡πÄ‡∏õ‡πá‡∏ô‡∏à‡∏£‡∏¥‡∏á‡∏Å‡πá‡∏ñ‡∏∑‡∏≠‡∏ß‡πà‡∏≤‡∏™‡∏π‡∏á‡∏°‡∏≤‡∏ÅShiina ‡∏´‡∏ô‡∏∂‡πà‡∏á‡πÉ‡∏ô‡∏ú‡∏π‡πâ‡∏õ‡∏•‡πà‡∏≠‡∏¢‡∏Ç‡πà‡∏≤‡∏ß‡∏•‡∏∑‡∏≠‡πÄ‡∏Å‡∏µ‡πà‡∏¢‡∏ß‡∏Å‡∏±‡∏ö Fortnite ‡∏ó‡∏µ‡πà‡∏°‡∏µ‡∏Ñ‡∏ß‡∏≤‡∏°‡∏ô‡πà‡∏≤‡πÄ‡∏ä‡∏∑‡πà‡∏≠‡∏ñ‡∏∑‡∏≠‡∏™‡∏π‡∏á ‡πÄ‡∏ú‡∏¢‡∏ß‡πà‡∏≤ Epic Games ‡πÄ‡∏ï‡∏£‡∏µ‡∏¢‡∏°‡∏ô‡∏≥ Lightsaber ‡∏Å‡∏£‡∏∞‡∏ö‡∏µ‡πà‡πÅ‡∏™‡∏á‡∏≠‡∏≤‡∏ß‡∏∏‡∏ò‡∏™‡∏∏‡∏î‡πÑ‡∏≠‡∏Ñ‡∏≠‡∏ô‡∏¥‡∏Ñ‡∏à‡∏≤‡∏Å‡∏ã‡∏µ‡∏£‡∏µ‡∏™‡πå Star Wars ‡πÉ‡∏™‡πà‡πÄ‡∏Ç‡πâ‡∏≤‡∏°‡∏≤‡πÉ‡∏ô‡πÄ‡∏Å‡∏°‡∏≠‡∏µ‡∏Å‡∏Ñ‡∏£‡∏±‡πâ‡∏á‡πÉ‡∏ô‡∏ß‡∏±‡∏ô‡∏ó‡∏µ‡πà 4 ‡∏û‡∏§‡∏©‡∏†‡∏≤‡∏Ñ‡∏°‡∏ô‡∏µ‡πâ ‡∏ï‡∏≤‡∏°‡πÄ‡∏ß‡∏•‡∏≤‡∏õ‡∏£‡∏∞‡πÄ‡∏ó‡∏®‡πÑ‡∏ó‡∏¢‡∏Å‡∏≤‡∏£‡∏ô‡∏≥‡∏Å‡∏•‡∏±‡∏ö‡∏°‡∏≤‡∏Ñ‡∏£‡∏±‡πâ‡∏á‡∏ô‡∏µ‡πâ‡∏Å‡πá‡πÄ‡∏û‡∏∑‡πà‡∏≠‡πÄ‡∏õ‡πá‡∏ô‡∏Å‡∏≤‡∏£‡πÄ‡∏â‡∏•‡∏¥‡∏°‡∏â‡∏•‡∏≠‡∏á‡∏ß‡∏±‡∏ô‡∏™‡∏ï‡∏≤‡∏£‡πå‡∏ß‡∏≠‡∏£‡πå (4 ‡∏û‡∏§‡∏©‡∏†‡∏≤‡∏Ñ‡∏°) ‡πÅ‡∏•‡∏∞‡∏à‡∏£‡∏¥‡∏á ‡πÜ ‡πÅ‡∏•‡πâ‡∏ß Lightsaber ‡πÄ‡∏Ñ‡∏¢‡∏ñ‡∏π‡∏Å‡πÉ‡∏™‡πà‡∏°‡∏≤‡πÉ‡∏ô‡πÄ‡∏Å‡∏°‡πÅ‡∏•‡πâ‡∏ß‡πÉ‡∏ô‡∏ä‡πà‡∏ß‡∏á‡∏õ‡∏µ 2020 ‡πÅ‡∏ï‡πà‡∏Å‡πá‡∏´‡∏≤‡∏¢‡∏à‡∏≤‡∏Å‡πÄ‡∏Å‡∏°‡πÑ‡∏õ‡∏ô‡∏≤‡∏ô‡∏°‡∏≤‡∏Å ‡∏Å‡∏≤‡∏£‡∏ô‡∏≥‡∏Å‡∏•‡∏±‡∏ö‡∏°‡∏≤‡∏Ñ‡∏£‡∏±‡πâ‡∏á‡∏ô‡∏µ‡πâ‡∏ô‡πà‡∏≤‡∏à‡∏∞‡∏ä‡πà‡∏ß‡∏¢‡πÉ‡∏´‡πâ‡πÅ‡∏ü‡∏ô ‡πÜ ‡∏´‡∏≤‡∏¢‡∏Ñ‡∏¥‡∏î‡∏ñ‡∏∂‡∏á ‡πÅ‡∏•‡∏∞‡∏°‡∏µ‡∏≠‡∏∞‡πÑ‡∏£‡πÉ‡∏´‡∏°‡πà ‡πÜ ‡πÉ‡∏´‡πâ‡πÑ‡∏î‡πâ‡πÄ‡∏•‡πà‡∏ô‡∏Å‡∏±‡∏ô‡πÉ‡∏ô Fortnite‡πÇ‡∏î‡∏¢ Lightsaber ‡πÉ‡∏ô‡πÄ‡∏Å‡∏° ‡∏à‡∏∞‡∏°‡∏µ‡∏ó‡∏±‡πâ‡∏á‡∏´‡∏°‡∏î 4 ‡∏™‡∏µ ‡∏Ñ‡∏∑‡∏≠‡∏™‡∏µ‡∏Ç‡∏≠‡∏á Rey (‡∏™‡∏µ‡∏ô‡πâ‡∏≥‡πÄ‡∏á‡∏¥‡∏ô) / Kylo Ren (‡∏™‡∏µ‡πÅ‡∏î‡∏á) / Luke Skywalker (‡∏™‡∏µ‡πÄ‡∏Ç‡∏µ‡∏¢‡∏ß) ‡πÅ‡∏•‡∏∞¬† Mace Windu (‡∏™‡∏µ‡∏°‡πà‡∏ß‡∏á) ‡πÇ‡∏î‡∏¢‡∏°‡∏µ‡∏Ñ‡∏ß‡∏≤‡∏°‡∏™‡∏≤‡∏°‡∏≤‡∏£‡∏ñ‡πÄ‡∏î‡∏µ‡∏¢‡∏ß‡∏Å‡∏±‡∏ô‡∏Ñ‡∏∑‡∏≠‡∏™‡∏≤‡∏°‡∏≤‡∏£‡∏ñ‡∏õ‡∏±‡∏î‡∏Å‡∏£‡∏∞‡∏™‡∏∏‡∏ô‡πÑ‡∏î‡πâ‡∏™‡∏≥‡∏´‡∏£‡∏±‡∏ö‡πÅ‡∏ü‡∏ô ‡πÜ Fortnite ‡∏ó‡∏µ‡πà‡πÑ‡∏°‡πà‡∏≠‡∏¢‡∏≤‡∏Å‡∏´‡∏•‡∏ö‡∏Å‡∏£‡∏∞‡∏™‡∏∏‡∏ô ‡πÅ‡∏ï‡πà‡∏≠‡∏¢‡∏≤‡∏Å‡∏õ‡∏±‡∏î‡∏Å‡∏£‡∏∞‡∏™‡∏∏‡∏ô‡πÄ‡∏ó‡πà ‡πÜ ‡πÄ‡∏ï‡∏£‡∏µ‡∏¢‡∏°‡∏´‡∏≤ Lightsaber ‡∏°‡∏≤‡πÄ‡∏•‡πà‡∏ô‡∏Å‡∏±‡∏ô‡πÑ‡∏î‡πâ ‡∏Ñ‡∏≤‡∏î‡∏ß‡πà‡∏≤‡∏ó‡∏≤‡∏á Fortnite ‡∏à‡∏∞‡πÄ‡∏û‡∏¥‡πà‡∏°‡πÄ‡∏Ç‡πâ‡∏≤‡∏°‡∏≤‡πÉ‡∏ô‡πÄ‡∏Å‡∏°‡∏†‡∏≤‡∏¢‡πÉ‡∏ô‡∏ä‡πà‡∏ß‡∏á‡∏Ñ‡∏∑‡∏ô‡∏ô‡∏µ‡πâ‡∏ï‡∏≤‡∏°‡πÄ‡∏ß‡∏•‡∏≤‡∏õ‡∏£‡∏∞‡πÄ‡∏ó‡∏®‡πÑ‡∏ó‡∏¢,th,56.0,Negative
