name,date,url,content,total_word,lang,sentiment
thisisgamethailand,2022/05/04,https://www.thisisgamethailand.com/content/Elon-Musk-Thought-on-Fias-Undies-Ban.html,"Elon Musk จัดได้ว่าเป็นหนึ่งในผู้ทรงอิทธิพลของโลกที่มีไฟแรงมากๆ เพราะนอกเหนือจากความเชี่ยวชาญมองการไกลในโลกเทคโนโลยีแล้ว พี่แกยังเป็นเกมเมอร์ตัวยงอีกด้วย สังเกตได้จากการคิดค้นระบบเล่นเกมคุณภาพสูงบนรถยนต์ Tesla ของตนเอง ซึ่งล่าสุดเจ้าตัวก็ได้ปล่อยวิวาทะเด็ดๆ ลงบน Twitter ของตัวเองกันอีกครั้งเกี่ยวกับเกม Elden Ringหากยังจำกันได้ ไม่กี่สัปดาห์ที่ผ่านมา Elden Ring ได้มีการค้นพบไอเทม 'Deathbed Smalls' หรือชุดชั้นในของ Fia โดยบังเอิญ ซึ่งถือเป็นไอเทมที่ปรากฏขึ้นมาจากบั๊คทั้งๆ ที่มีชื่อและสถานะพร้อมใช้งาน โดยหลังจากมีการนำบั๊คเหล่านี้มาสปอว์นให้ใช้กันอย่างโจ๋งครึ่มทางผู้พัฒนาก็เริ่มแบนกันไปหลายราย และคราวนี้เองพอ Elon Musk ได้ยินเข้าก็เกิดความสงสัยขึ้นมาเสียอย่างนั้นเขาตั้งคำถามว่า ตนรู้ดีถึงความยิ่งใหญ่ของ Elden Ring แต่ทำไมผู้พัฒนาถึงโอเคกับฉากฆ่าฟันที่รุนแรง แต่ดันไม่โอเคกับการใส่กางเกงในตัวละคร NPC จนถึงกับต้องสั่งแบน กลายเป็นว่าหลายคนต้องเข้ามาชื่นชมความ 'ฐาน' (หรือความ Based) ของเฮียแกอย่างคับคั่ง และยิ่งเพ่งเล็งเข้าไปใหญ่ว่าถ้าผู้พัฒนาไม่โอเคกับไอเทมนี้จริงๆ ทำไมถึงยังปล่อยให้มันอยู่ในเกม หรือสร้างไอเทมนี้กันมาตั้งแต่แรกกัน?จะว่าไปมันก็น่าสงสัยจริงๆ ว่าทำไมตราบจนถึงแพทช์ปัจจุบันก็ยังคงมีคนหยิบชุดชั้นในของ Fia มาเล่นได้อยู่อีก และทำไมมันถึงมีตัวตนมาตั้งแต่แรก แถมมีค่าสเตตัสเสร็จสรรพเทียบเท่ากับไอเทมใช้งานจริง สุดท้ายแล้ว FromSoftware ตั้งใจจะเก็บไว้เซอร์ไพรส์ หรือข้อผิดพลาด ก็คงเป็นปริศนากันต่อไป แต่นี่ก็คืออีกครั้งที่เราได้เห็นด้านของเกมเมอร์เด็ดๆ จาก Elon Musk ทั่นนี้จริงจริ๊งอีกด้านหนึ่ง Elden Ring (รองรับภาษาไทย) เป็นเกมแนว Action Fantasy RPG ที่ผลิตโดย From Software และได้รับ Bandai Namco เป็นผู้ร่วมจัดจำหน่าย ตัวเกมจะมีโลกกว้างให้เราได้สำรวจพร้อมมอบประสบการณ์เกม RPG ที่เต็มอิ่ม สร้างสรรค์โดย Hidetaka Miyazaki และ George R.R. Martin เนื้อเรื่องที่มาพร้อมการหักหลัง ทรยศ และตำนานมหัศจรรย์เกี่ยวแหวนปริศนาและเทวตำนานแห่งดินแดนต้องคำสาปอย่าลืม! กด Subscribe และกดกระดิ่ง ที่>> เข้ากลุ่มคนไทยพูดคุยเกี่ยวกับ<<",90,th,Neutral
thisisgamethailand,2022/05/04,https://www.thisisgamethailand.com/content/semiconductor-shortage-intel-ceo-says-chip-crunch-to-last-into-2024.html,ปัญหาชิปขาดตลาดในตอนนี้ดูเหมือนว่าจะเข้าสู่สภาพวะที่เราอาจจะเรียกได้ว่าปกติแล้ว หากเทียบกับช่วงที่ผ่านมาก็คงไม่ผิดนัก อย่างไรก็ตามการที่จะบอกว่าปกติหรือไม่ปกติอาจจะไม่ได้ขึ้นอยู่กับผู้ใช้งาน แต่เป็นทางผู้ผลิตเสียมากกว่าที่จะบอกเราได้ว่าสถานการณ์ในช่วงนั้นเป็นอย่างไรข้อมูลที่ออกมาล่าสุดจากทางหัวเรือใหญ่ของ Intel อย่างPat Gelsinger ได้ให้ข้อมูลว่าในตอนนี้แม้ว่าสถานการณ์ชิปขาดตลาดจะเริ่มดูดีขึ้น แต่ในมุมมองของเขาเชื่อว่าสถานการณ์จะยังไม่เปลี่ยนแปลงมากนัก โดยมีความเป็นไปได้ที่จะลากยาวไปจนถึงปี 2024สาเหตุที่เขามองว่าจะเป็นเช่นนั้นมาจากการที่องค์ประกอบสำหรับกระบวนการผลิตอย่างเช่นเครื่องจักรต่าง ๆ มีอยู่อย่างจำกัด ส่งผลให้แต่ละโรงงานที่มีหน้าที่ในการผลิตสินค้าเพื่อนำไปจำหน่ายต่อไม่สามารถที่จะเพิ่มกำลังการผลิตได้ ทำให้ทุกอย่างจากเดิมที่คาดว่าจะดีขึ้นในปี 2023 กลายมาเป็น 2024 แทนอย่างไรก็ตามทางตัวเขาได้เผยว่า Intel มีคู่ค้าที่ดีและสามารถที่จะเสาะหาแหล่งการผลิตให้เพียงพอกับความต้องการของผู้ใช้งานได้ แต่อาจจะเป็นปริมาณที่ไม่เพียงพอต่อความต้องการได้ในบางช่วงหากมีความต้องการเป็นจำนวนมากอย่าลืม! กด Subscribe และกดกระดิ่ง ที่>> เข้ากลุ่มคนไทยพูดคุยเกี่ยวกับ<<ที่มา: cnbc,32,th,Neutral
thisisgamethailand,2022/05/04,https://www.thisisgamethailand.com/content/apple-self-developed-5g-modem-iphone-2023.html,แม้ว่าเราจะยังไม่ได้เห็นการเปิดตัวของ iPhone 14 ออกมาอย่างเป็นทางการ แต่ในตอนนี้มีข่าวลือเกี่ยวกับ iPhone รุ่นที่จะเปิดตัวภายในปี 2023 ออกมาให้เราได้เห็นกันไปพอสมควรแล้ว แม้จะยังไม่มีชื่อเรียกอย่างเป็นทางการแต่คงสามารถที่จะเรียกว่า iPhone 15 ได้ไม่ผิดนักจากข้อมูลที่ออกมาในครั้งนี้เกี่ยวข้องกับเรื่องของชิปโมเด็มที่จะใช้งานภายในตัวเครื่อง โดยคาดว่าทาง Apple จะมีการเปลี่ยนแปลงชิปดังกล่าวมาใช้งานชิปที่ถูกพัฒนาขึ้นโดยพวกเขาเอง หลังจากที่ในตอนนี้พวกเขายังมีความจำเป็นที่จะต้องพึ่งพาทาง Qualcomm ในการนำชิ้นส่วนดังกล่าวมาใช้งานหากถามว่าเป็นเรื่องที่น่าแปลกใจหรือไม่หากมีการเปลี่ยนแปลงจริงคงไม่ใช่เรื่องแปลกนัก เนื่องจากทาง Apple ได้เข้าซื้อกิจการด้านนี้จากทาง Intel มาแล้วภายในปี 2019 พร้อมกับพนักงานที่เกี่ยวข้องอีกว่า 2000 รายมาอยู่ภายใต้การดูแลต้องมาติดตามกันต่อไปว่าแผนการที่จะลดการพึ่งพาบริษัทอื่นของทาง Apple จะไปหยุดที่จุดใด เพราะจากข้อมูลที่ทาง Qualcomm ได้เผยออกมาเผยให้เราได้รับทราบว่าทาง Apple เองมีการลดสัดส่วนของการใช้งานชิปโมเด็มของบริษัทไปจากเดิมเหลือเพียงแค่ 20 เปอร์เซ็นต์เท่านั้นอย่าลืม! กด Subscribe และกดกระดิ่ง ที่>> เข้ากลุ่มคนไทยพูดคุยเกี่ยวกับ<<ที่มา: gizmochina,42,th,Neutral
thisisgamethailand,2022/05/04,https://www.thisisgamethailand.com/content/twitter-circle-features.html,ไม่แน่ใจเหมือนกันว่าเป็นเพราะการมาถึงของ Elon Musk หรือไม่ แต่ล่าสุดทาง Twitter ได้มีการเคลื่อนไหวใหม่ด้วยการเตรียมจะทดสอบฟีเจอร์ที่ชื่อว่า Twitter Circle ซึ่งจะช่วยให้สามารถกำหนดจำนวนผู้ที่จะเข้ามาอยู่ภายในได้ไม่เกิน 150 คนหากจะบอกว่าฟีเจอร์ดังกล่าวมีประโยชน์อย่างไรคงต้องบอกว่ามันสามารถที่จะช่วยให้ผู้ที่เป็นเจ้าของบัญชีสามารถที่จะกรองผู้ที่ต้องการให้รับรู้ข้อมูลหรือเนื้อหาพิเศษได้โดยที่ไม่จำเป็นที่จะต้องไปสร้างบัญชีใหม่เพื่อรองรับโดยเฉพาะในปัจจุบันการใช้งาน Twitter จะแบ่งออกเป็นสองรูปแบบคือการเปิดให้ผู้ใช้งานสามารถเห็นเนื้อหาข้อมูลของเราได้ทั้งหมดหรืออีกแบบคือปิดการมองเห็นเปิดให้เฉพาะผู้ที่ได้รับอนุญาตเท่านั้น การเข้ามาของฟีเจอร์นี้จะช่วยให้เราสามารถที่จะไม่ยุ่งยากกับการสลับบัญชีไปมาได้หากพูดเป็นสายดาร์คหน่อยก็อาจจะบอกว่าเป็นตัวช่วยที่ไม่ต้องไปสายแอคล็อคมาเสริมเพื่อเก็บเงินผู้ที่ต้องการติดตาม แต่สามารถใช้ผ่านบัญชีหลักได้โดยตรง เพียงแต่จะถูกจำกัดที่ 150 รายเท่านั้น ในตอนนี้ฟีเจอร์ยังอยู่ในช่วงของการทดสอบเท่านั้นไม่มีข้อมูลว่าจะเปิดใช้งานในช่วงใดอย่าลืม! กด Subscribe และกดกระดิ่ง ที่>> เข้ากลุ่มคนไทยพูดคุยเกี่ยวกับ<<ที่มา: Twitter,27,th,Neutral
thisisgamethailand,2022/05/04,https://www.thisisgamethailand.com/content/Tower-of-Fantasy-Mounting-System-trailer.html,ผู้อ่านที่กำลังรอคอยข่าวสารอัปเดตเกี่ยวกับเกม Tower of Fantasy มาติดตามข่าวนี้ได้แล้วครับ เมื่อล่าสุดทางผู้พัฒนาเกมได้ออกมาเปิดตัวเทรลเลอร์ใหม่ที่เผยให้เห็นระบบพาหนะ ซึ่งผู้เขียนบอกได้เลยว่าน่าสนใจเป็นอย่างมากจากวิดีโอนี้เราจะได้เห็นพาหนะทั้งม้าจักรกล มอเตอร์ไซด์ล้ำยุค หุ่นยนต์ และอื่น ๆ อีกมากมาย โดยพาหนะเหล่านี้จะช่วยอำนวยความสะดวกในการเดินทางให้กับผู้เล่นอย่างมาก โดยเฉพาะในเรื่องของความเร็วในการเคลื่อนที่ที่จะทำให้ผู้เล่นเคลื่อนที่ได้ไวขึ้น ซึ่งก็น่าสนใจมากว่าภายในเกม Tower of Fantasy พาหนะเหล่านี้จะมีคุณสมบัติพิเศษอื่น ๆ อีกหรือไม่เรื่องราวภายในเกมTower Of Fantasyจะเล่าถึงอนาคตหลายร้อยปีบนดาวเคราะห์ที่ห่างไกลที่เรียกว่า Aida ซึ่งมนุษย์เพิ่งอพยพเข้าไปหลังจากที่ทรัพยากรของโลกหมดลง อย่างไรก็ตาม ดาวเคราะห์ดวงนี้ก็มีมหันตภัยรอมนุษย์อยู่ นั่นก็คือสสารลึกลับที่เรียกว่า Omnium เราจะได้ออกผจญภัยในโลกใบนี้หลังจากสิ้นสุดหายนะดังกล่าวเกมนี้เป็นเกม Action RPG ที่จะมีให้เล่นบนมือถือและพีซี โดยเกมนี้จะเปิดโอกาสให้คุณได้ผจญภัยอย่างอิสระในโลก Sci-fi แฟนตาซี Open World ภายในเกมใช้เทคโนโลยีที่หลากหลาย รวมถึง Unreal Engine 4 ในการนำเสนอฉาก ตัวละคร เนื้อเรื่อง ระบบต่อสู้ให้มีความสดใหม่และทันสมัยน่าเล่นอย่าลืม! กด Subscribe และกดกระดิ่ง ที่>> เข้ากลุ่มคนไทยพูดคุยเกี่ยวกับ<<,51,th,
thisisgamethailand,2022/05/04,https://www.thisisgamethailand.com/content/All-Raiden-Shongun-Cosplay.html,Raiden Shogun หรือเทพเจ้าแห่งสายฟ้าจากเกม Genshin Impact โดยตัวละครนี้เปิดตัวได้อย่างโดดเด่นด้วยท่าชักดาบออกมาจากบริเวณหน้าอกของเธอ ซึ่งฉากดังกล่าวเป็นที่ฮือฮาอย่างมาก นอกจากนี้ตัวละครดังกล่าวยังมักจะถูกนำมาแต่งคอสเพลย์ในรูปแบบอื่น ๆ นอกเหนือจากชุดภายในเกมอีกด้วย ซึ่งแต่ละผลงานที่ถูกทำออกมาก็ถือว่างดงามน่าชมทั้งสิ้นและแน่นอนว่าผลงานดีแบบนี้ผู้เขียนเองก็ไม่พลาดที่จะนำการแต่งคอสเพลย์เป็นตัวละคร Raiden Shogun จาก Genshin Impact มาให้ทุกคนได้ติดตามกันครับผู้อ่านสามารถคลิ๊กที่ภาพเพื่อรับชมภาพทั้งหมดได้ทันทีครับชมคอสเพลย์ Raiden Shogun สุดอลังอย่างกับ CGสาวไทยแปลงโฉมเป็น Raiden Shogun สุดเซ็กซี่สาวไทยแปลงโฉมเป็น Raiden Shogun พร้อมท่าโพสฝ่าเท้าขยี้ใจสาวมาเลย์คอสเพลย์เป็น Raiden Shogun จาก Genshin Impactรวม 3 คอสเพลย์สาวแดนปลาดิบแปลงโฉมเป็นเทพสายฟ้า Raiden Shogunพบคอสเพลเยอร์เทพ Raiden Shogun ชักดาบจากอกได้โดยไม่ต้องอาศัย CG!Hana Bunny จัดเต็มแปลงโฉมเป็น Raiden Shogunสาวไทยใจเด็ดจัดคอสเพลย์ Genshin Impact ร้อนแรงทะลุปรอทธีม Black and Whiteพบคอสเพลย์สุดฮา Raiden Shogun ดาบหักคาอก!สาวไทยแปลงโฉมเป็น Raiden Shogun และ Yae ในชุดนอนสาวแปลงโฉมเป็น Raiden Shogun เวอร์ชั่นแฟนอาร์ตในยุคโมเดิร์นคอสเพลเยอร์สาวโชว์การแต่งคอสเพลย์เป็น Raiden Shogun แบบ Henshin!อย่าลืม! กด Subscribe และกดกระดิ่ง ที่>> เข้ากลุ่มคนไทยพูดคุยเกี่ยวกับ<<,48,th,Neutral
thisisgamethailand,2022/05/04,https://www.thisisgamethailand.com/content/Borutos-Crying-Face-Goes-Viral-For-Bad-Animation.html,แม้ว่าอนิเมะเรื่อง Naruto จะสร้างชื่อเสียงได้ดีมาก ๆ แต่ดูเหมือนว่าอนิเมะรุ่นลูกอย่าง Boruto นั้นดูไม่เข้าท่าเอาเสียเลย โดยตลอดเวลาที่ผ่านมาก็มีแฟน ๆ ออกมาบ่นเกี่ยวกับอนิเมะเรื่องนี้จำนวนมากไม่ว่าจะเป็นในส่วนของเนื้อเรื่อง สเกลพลังของตัวละคร และล่าสุดก็เป็นประเด็นของอนิเมชั่นที่ทำออกมาได้แย่มาก ๆทวิตเตอร์ @itsumosad ได้ทวีตวิดีโอที่เผยให้เห็นช่วงหนึ่งในตอนล่าสุดของ Boruto ที่เป็นฉากของ Boruto กำลังร้องไห้... แต่หน้าตาของเขานั้นกลับไม่ได้ดูเหมือนร้องไห้ แต่เหมือนกับ... อะไรสักอย่างที่ผู้เขียนเองก็บรรยายไม่ถูกเหมือนกัน โดยเจ้าของทวีตนั้นได้เขียนแคปชั่นไว้ว่า “ขำโคตร ๆ จริงเหรอฟระเนี่ย!”สำหรับผู้ที่เข้ามารับชมวิดีโอนี้ก็ได้คอมเมนต์แซวกันไม่น้อยเลยทีเดียว เช่น“ตอน Gaara ตาย Naruto ยังร้องไห้ดูดีกว่านี้เยอะเลย”“หมดกัน... ที่พ่อทำมา”“โอ๊ยยย หยุดทำร้ายจิตใจแฟน ๆ Naruto ได้แล้ว”“ไม่ใช่แค่ฉากนี้นะ ฉากอื่น ๆ ก็ไม่ได้ดูดีกว่านี้เท่าไหร่เลย”“น้ำตาจจะไหล ไม่ได้เศร้านะ... ขำ!”ในขณะที่แฟนการ์ตูนชาวไทยก็ได้คอมเมนต์แซวกันไม่น้อย โดยส่วนใหญ่จะคิดเหมือนกันว่าหน้าตาของ Boruto ในตอนนี้เหมือนกับกำลังพูดว่า “ผมไม่รู้ ๆ ๆ ๆ!” อยู่นั่นเอง!อย่าลืม! กด Subscribe และกดกระดิ่ง ที่>> เข้ากลุ่มคนไทยพูดคุยเกี่ยวกับ<<,57,th,Neutral
thisisgamethailand,2022/05/04,https://www.thisisgamethailand.com/content/TIG-Review-The-House-of-the-Dead-Remake.html,หมายเหตุ: ตัวเกมที่ใช้ในการรีวิวครั้งนี้มาเป็นเวอร์ชั่นภาษา โดยมีความแตกต่างในเรื่องการยิงตัวละคร 'นักวิจัย' ที่ไม่สามารถโดนยิงพลาดได้ย้อนกลับไปยุคทองของตู้อาร์เคด นอกเหนือไปจากเกมแนวต่อสู้ที่เราจะได้เห็นขาโจ๋มานั่งไฝว้กันชิงความเป็นหนึ่งแล้ว เราน่าจะต้องเคยเห็นตู้เกมขนาดใหญ่ที่มาพร้อมกับจอยปืนและเสียงประกอบสุดหลอนอย่าง The House of the Dead ที่มีความโดดเด่นกว่าใครด้วยกราฟิกแบบสามมิติและภาพที่สมจริง (ในขณะนั้น) จนคนเล่นเองยังเอาไปฝันได้ง่ายๆ เพราะมันดูเหมือนกับผีเหล่านี้จะโผล่ทะลุจอออกมาอย่างไหนอย่างนั้น ต่อมาวิวัฒนาการของเครื่องเล่นเกมที่ก้าวหน้าขึ้น ร้านเกมอาร์เคดก็เริ่มหมดความสำคัญด้วยการที่เครื่องคอนโซลเองก็มีพลังประมวลผลที่แรงตามๆ กันมากขึ้นเมื่อบ้านใหญ่ซบเซา เกมที่เหมาะกับการเล่นในร้านอาร์เคดเพราะมีจอยปืนก็ย่อมล้มหายตายจากกันไปจนกระทั่งมีการประกาศภาคใหม่เมื่อไม่นานมานี้ และในปีเดียวกันนั้นเองก็มีการยืนยันว่าภาคต้นฉบับจะได้วางจำหน่ายในรูปแบบรีเมคบนเครื่องเล่น Nintendo Switch ซึ่งเป็นเครื่องเล่นที่มีอุปกรณ์พร้อมเล่นเกมแนวยิงปืนพอดีอย่างจอย Joy-Con จึงทำให้หลายคนรู้สึกตื่นเต้นกันไม่น้อยที่จะได้มาเยือนเพื่อนเก่าอย่าง Rogan และ G ซึ่งวันนี้ ThisIsGame Thailand ก็ไม่พลาดขอนำความประทับใจมากลั่นกรองเป็นรีวิวให้เพื่อนๆ ได้ติดตามกันเช่นเคย แต่จะเป็นอย่างไรนั้นขอเชิญรับชมกันข้างล่างนี้เลยครับ【บรรยากาศสุดระทึกจากยุค 90 กลับมาอีกครั้ง】The House of the Dead: Remakeเป็นเกมภาครีเมคที่ค่อนข้างให้ความเคารพต้นฉบับพอสมควรเลยครับ เพราะว่าในเรื่องของเนื้อหาเกมก็ยังใช้โครงเรื่องต้นฉบับชัดเจนแบบเป๊ะๆ นั่นคือหญิงสาวผู้เป็นภรรเมียของ Rogan ตัวเอกได้โทรศัพท์ไปหาเราด้วยน้ำเสียงสั่นเครือหลังเกิดเหตุการณ์ที่ทำงานของบริษัท DBS มีเหล่าศพเดินได้บุกเข้ามาไล่เชือดนักวิจัยต่างๆ จนเกือบหมด ก่อนที่สายจะตัดไปเมื่อ Rogan ได้ยินดังนั้นก็ไม่รอช้าควงคู่ไปกับ G เอเจนต์พูดน้อยต่อยหนักเดินทางไปสืบข้อมูลจนกระทั่งพบว่าสถานที่แห่งนั้นได้กลายเป็นนรกบนดินไปเป็นที่เรียบร้อย ซึ่งคัทซีนเหล่านี้มีการเพิ่มเติมเสียงพากย์เข้ามาด้วยทำให้เราปะติดปะต่อเรื่องราวได้ดีกว่าเดิม แต่ก็นั่นแหละ ค่อนข้างรวบรัดและเดาทางง่าย หากใครเล่นภาคแรกมาก็ไม่ต่างจากเดิมเลย จุดนี้รู้สึกว่าเสียดายไปนิดนึงเพราะถึงแม้จะเป็นการรีเมคจากเดิมแบบ 1:1 แต่อย่างน้อยก็น่าจะมีการเพิ่มกิมมิคอะไรที่เชื่อมโยงไปยังภาคสองด้วยเหมือนกันปรับลุคใหม่ให้ฟีลแบบแดดดี้【เกมเพลย์】เช่นเดียวกับเนื้อหา เกมเพลย์ของ The House of the Dead: Remake ก็ยังเป็น On-rail Shooting เหมือนเดิมแบบสไตล์อาร์เคดยิงกันไม่รู้จักเปลืองกระสุน และความเคารพภาคออริจินอลก็ส่งผลมาถึงจุดนี้ด้วย เพราะตำแหน่งศัตรู ไอเทมลับที่ซ่อนต่างๆ ก็จะเป็นแบบเดิมเหมือนกัน เรียกได้ว่าผู้เล่นเดิมก็ฟินกับการได้กลับมาเยือนเพื่อนเก่า ในขณะผู้เล่นใหม่ก็ไม่ต้องกลัวว่าเกมจะมีระบบที่เก่าไป เพราะจะเห็นว่ามีการปรับปรุงให้เข้ากับยุคสมัยด้วยเช่นระบบฟิสิกส์ของซอมบี้เมื่อเรายิงพวกมัน จะมีการแขนหลุด ตัวแตก ไอเทมร่วงจากมือจริงๆ หลายคนอาจคิดว่าภาคต้นฉบับก็มีอยู่แล้ว แต่ภาคนี้เน้นย้ำอย่างสมจริงมากขึ้นไม่น้อยเลยและเมื่อเป็นเกมแนวยิงแบบนี้แน่นอนว่าวิธีการยิงก็มีครบครันเลย ตั้งแต่การใช้จอยขยับไปมา ไปจนถึงการใช้เมนู Gyroscope เพื่ออารมณ์ที่อินไปมากกว่าเดิม แต่ปัญหาอยู่ตรงที่สรีระมือของเรากับปุ่มที่ควรจะอยู่มันอาจจะแปลกๆ ไปนิดนึง จากการที่เราชินในเกมอาร์เคดที่สามารถเขย่าจอยเพื่อรีโหลด กลายเป็นว่าต้องมากดปุ่ม B แทน ซึ่งคาดว่าจะมีการปรับเปลี่ยนในอนาคต โดยจะมีอัปเดตเพิ่มเติมมาแน่ๆ แล้วหนึ่งโหมดก็คือโหมดการใช้ปืนสองมือ ทว่าผู้พัฒนาจะใช้โอกาสนี้แก้ไขข้อติหรือเปล่านั้นต้องรอลุ้นกัน อ้อ! ที่สำคัญ มีฟีเจอร์พิเศษอีกหนึ่งจุดที่ส่งผลกับเกมเพลย์ด้วย นั่นคือโหมดการปรับกราฟิกระหว่าง 'เน้นภาพ' กับ 'เน้นเฟรมเรต' ตรงนี้เดี๋ยวจะมาว่ากันอีกทีโหมดการเล่นเนื้อเรื่องหลักยังมีการแบ่งออกเป็นสองรูปแบบด้วย คือ Co-op และ Competitive(เช่นเดียวกับการคิดคะแนนแบบ Classic - Modern) ซึ่งถ้าเล่นสองคนก็จะสามารถเลือกได้ ฟังดูแล้วเหมือนจะเป็นการสู้กันเอง แต่ก็ไม่ใช่ เพราะผู้เล่นต้องช่วยกันยิงอยู่ดี มีความแตกต่างเพียงเรื่องของการคำนวณคะแนนที่เอาเข้าจริงเราก็ไม่รู้สึกว่ามันแตกต่างกันเท่าไหร่ และทุกโหมดจะเลือกระดับความยากได้ตามความสามารถของเราครับ【มีอะไรให้ตามหามากกว่าเดิม】ความดีงามอยู่ตรงที่ The House of the Dead: Remake มาพร้อมกับของเล่นใหม่ๆ ให้เราได้ปลดล็อคกันอย่างเมามันส์ ซึ่งถึงแม้เราจะไม่มีโหมดเลือกตัวละครเหมือนกับเกมต้นฉบับที่จะมีทั้ง G2 Sophie หรือคอสตูมอื่นๆ ที่มาพร้อมปืนพิเศษ แต่เราจะมีคลังอาวุธขนาดใหญ่ให้ G กับ Rogan ได้ใช้เลย ขอชื่นชมว่าเป็นการตัดสิ่งเก่าที่เพิ่มสิ่งใหม่ได้อย่างเหมาะสม เพราะในภาคดั้งเดิมเมื่อเราเลือกเป็นตัวละคร Sophie แล้วเสียงออกมาแมนจ๋าแบบนี้ก็ทำเอากลายเป็นเกมฮาๆ ไปอย่างเลี่ยงไม่ได้ (แป่ว) นอกเหนือจากนี้ยังมี Gallery ที่บอกข้อมูลซอมบี้ชนิดต่างๆ และจุดอ่อนให้เหมือนกัน รวมไปถึงถ้วยรางวัลหรือระบบ Achievement ทว่าถึงแม้จะมีการเพิ่มสิ่งใหม่ที่ดีเข้ามา แต่ฟังก์ชันเกมโดยรวมน่าเสียดายที่ The House of the Dead: Remake ดันตัดโหมด Boss Rush หรือการวิ่งสู้บอสทำเวลาอย่างเดียวออกไป ทั้งๆ ที่ปกติแล้วเกมจะแถมมาเป็นธรรมเนียมด้วย【Horde Mode โหดจัด】ความน่าสนใจก็คือ หากใครเป็นแฟนคลับของเกมซีรีส์ The House of the Dead อยู่แล้วก็จะสังเกตได้ว่า หลังจากภาค 4 เป็นต้นมา จำนวนซอมบี้ได้กลายเป็นทวีคูณจากเดิม แต่พวกมันก็จะโดนเราสอยได้ง่ายขึ้น ซึ่งภาครีเมคนี้เมื่อต้องกลับมาเป็นสูตรสำเร็จแบบเดิมที่ซอมบี้อึดมากต้องยิงกัน 4 - 5 นัดถึงจะตาย หลายคนอาจจะคิดถึงความสนุกในแบบโมเดิร์น ดังนั้นผู้พัฒนาจึงมี Horde Mode ที่เป็นโหมดการเล่นพิเศษเพิ่มจำนวนซอมบี้จากเดิมไปอีกหลายเท่ามาให้เพิ่มด้วย ทั้งนี้ความอึดก็จะเป็นแบบปกตินั่นแหละครับ (ฮา)【กราฟิก และเสียง】และแล้วก็มาถึงจุดที่หลายคนสนใจ ขอบอกเลยว่า The House of the Dead: Remake มีความละเอียดเพียงแค่ระดับ 720P เท่านั้น ไม่ว่าคุณจะต่อเข้าจอโทรทัศน์หรือเล่นแบบพกพา ซึ่งการเล่นแบบพกพาก็ยิ่งชวนกรอกตาบนเพราะว่าแคปเฟรมเรตไว้ที่ระดับ 30 เฟรมเท่านั้นเอง ส่วนโหมดกราฟิกเอาเข้าจริงรู้สึกว่าไม่เห็นความแตกต่างในแง่ของภาพ เพราะเราไม่ค่อยได้แช่จอนานๆ สักเท่าไหร่ แต่เฟรมเรตของโหมดเน้นเล่นให้ลื่นนั้นดีกว่าจริง ดังนั้นควรจะเปิดโหมดนี้เอาไว้ตลอดเพื่อไม่ให้เสียอรรถรสไปแต่มีโหมดถ่ายรูปมาให้ด้วยนะและสิ่งที่ต้องวิจารณ์อย่างหนักหน่วงยิ่งกว่าไม่ใช่เรื่องของภาพ แต่เป็นเสียงเพลงประกอบที่เปลี่ยนจากเซ็ตเดิมที่มีความ 'เป็นไอคอน' ออกไป ตั้งแต่ด่าน Tragedy ซึ่งหลายคนอาจจะพยายามเงี่ยหูฟังเสียงกีตาร์ร็อคสลับกับออร์แกนสุดหลอน แต่มันกลายเป็นเพลงอะไรไปก็ไม่รู้ที่ไม่เพราะเสียเลย ส่วนเรื่องเสียงพากย์ตรงนี้เข้าใจว่าพยายามทำให้มันดูมีความ 'ชีสซี่' เหมือนเกมเก่า ตรงนี้เห็นว่ามานะและไม่หลุดจากคาแรกเตอร์ไปเท่าไหร่ นับว่าพอใช้ได้【บทสรุป】น่าเสียดายที่ The House of the Dead: Remake ห่างชั้นจากความสมบูรณ์แบบแม้จะอยู่ในการพัฒนามาถึง 2 ปีเต็มๆ แต่อย่างน้อยเกมก็พอให้เราได้หายคิดถึงไปบ้าง และที่สำคัญคฤหาสน์ Curien Mansion อันซับซ้อนที่มีทางแยกมากมายก็ทำให้เราสามารถกลับไปวิ่งวนตบตีกับเหล่าผีดิบได้เสมอ ท้ายที่สุดนี้พวกเราก็ต้องรอเอาใจช่วยว่าโปรเจ็คถัดไปอย่างเกมยิงผีภาคสองจะช่วยยกระดับหรือไม่ เพราะถ้าเอาเข้าจริงเมื่อเทียบกับผลงานรีเมคอย่าง Panzer Dragoon ที่เคยวางขายไปนั้น ดูเหมือนเคสนั้นจะมีคุณภาพกว่าสุดท้ายนี้ ThisIsGame Thailand ขอขอบคุณ Ripples Thailand และ Forever Entertainment สำหรับตัวเกม The House of the Dead: Remake ที่นำมารีวิวกันด้วยครับ สำหรับเพื่อนๆ ที่สนใจก็สามารถหาซื้อได้แล้วบน Nintendo Switch ส่วนโอกาสหน้าจะมีเรื่องราวน่าสนใจในวงการเกมมาฝากกันอย่างไรบ้างนั้นก็อย่าลืมติดตามกันนะครับอย่าลืม! กด Subscribe และกดกระดิ่ง ที่>> เข้ากลุ่มคนไทยพูดคุยเกี่ยวกับ<<,215,th,Neutral
thisisgamethailand,2022/05/04,https://www.thisisgamethailand.com/content/Dying-Night-Zombie-Parkour-3D-now-available-on-TH-store.html,"Rockafella เปิดให้บริการ Dying Night Zombie Parkour 3D เกมมือถือ survival ภารกิจเสี่ยงตาย หายารักษาน้องสาวติดเชื้อ ดาวน์โหลดได้แล้วเฉพาะบนระบบ Android ผ่าน Google Play Store ไทยDying Night Zombie Parkour เกมมือถือ RPG แนว survival ไล่ล่าฆ่าซอมบี้ในมุมมองบุคคลที่ 1 โดยเกมนี้มี 2 Features หลัก ๆ ได้แก่ ตามหาอาหารและอาวุธในความมืด จงจำไว้เสมอว่าเราจะพบแสงสว่างตรงปลายอุโมงค์เสมอ ดังนั้นอย่างพึ่งท้อ สังหารซอมบี้จำนวนนับไม่ถ้วนกับดันเจี้ยนที่ไม่มีวันสิ้นสุด ฟีเจอร์ถัดไปคือการทำภารกิจช่วยเหลือน้องสาวที่ติดเชื้อ ""หายา"" ไอเทมสุดแรร์มารักษาน้องตัวเอง ทำเควสได้ทุกที่ ทุกเวลาโดยไม่ใช้ WIFIรวมเกมมือถือน่าเล่นที่เตรียมเปิดในเดือน พ.ค.อย่าลืม! กด Subscribe และกดกระดิ่ง ที่>> เข้ากลุ่มคนไทยพูดคุยเกี่ยวกับ<<",50,th,Negative
thisisgamethailand,2022/05/04,https://www.thisisgamethailand.com/content/Zelda-BOTW-Glitch-Lets-You-Break-Metallic-Treasure-Chests.html,แม้ว่าเกม Zelda: Breath Of The Wild จะวางจำหน่ายมานานแล้ว แต่ก็ยังคงมีผู้เล่นค้นพบความลับต่าง ๆ จากเกมให้เราได้ติดตามกันอยู่เรื่อย ๆ โดยล่าสุดมีผู้เล่นคนหนึ่งค้นพบวิธีการเปิดหีบเหล็กโดยไม่ต้องใช้กุญแจ!ต้องบอกก่อนว่าหีบเหล็กภายในเกมนี้จะซ่อนอยู่ทั่วดินแดน Hyrule โดยหีบชนิดนี้ถือว่าเป็นหีบหายาก และมักจะมีไอเทมดี ๆ ซ่อนอยู่จำนวนมาก ซึ่งผู้เล่นจะต้องใช้กุญแจในการเปิดหีบ ซึ่งวิธีการของเขาก็น่าสนใจไม่น้อยเลยทีเดียววิธีการนี้ YouTube ช่อง Gaming Reinvented ได้ใช้ปืนใหญ่ที่กระจายอยู่รอบ Goron City และ Death Mountain ใน Eldin Region โดยผู้เล่นเพียงแค่โหลดระเบิดลงในปืนใหญ่ ใช้ Magnesis Rune เพื่อย้ายหีบสมบัติเข้าที่ จากนั้นก็ตู้มม! ยิงปืนใหญ่ใส่หีบจนแหลกเป็นชิ้น ๆฟังดูแล้วอาจจะเป็นวิธีที่ยุ่งยากแต่ก็ต้องบอกว่าคุ้มค่าไม่น้อย เพราะว่าไอเทมเหล่านี้เป็นไอเทมหายากที่พบได้เฉพาะในหีบสมบัติ ไม่สามารถหาได้ทั่วไปในเกม ไอเทมเหล่านี้ถือว่าเป็นไอเทมที่จะช่วยให้ผู้เล่นเล่นเกม Zelda: Breath Of The Wild ได้ง่ายขึ้นเป็นอย่างมากในตอนนี้ผู้เขียนก็ยังไม่ทราบว่าเป็นความตั้งใจของผู้พัฒนาเกมหรือเป็นบั๊คของเกม ซึ่งถ้าหากเป็นบั๊คก็มีโอกาสที่ผู้พัฒนาเกมจะทำการอัปเดตแพทช์มาแก้ไข ซึ่งผู้อ่านคนใดอยากจะทดลองใช้วิธีนี้ก็รีบหน่อยนะครับอย่าลืม! กด Subscribe และกดกระดิ่ง ที่>> เข้ากลุ่มคนไทยพูดคุยเกี่ยวกับ<<ที่มา : nintendolife,56,th,Neutral
thisisgamethailand,2022/05/04,https://www.thisisgamethailand.com/content/13-11-2013-15-42-40.html,"ข้อ 1 (วัตถุประสงค์)ข้อตกลงและเงื่อนไข ( “ข้อตกลง”) ฉบับนี้จัดทำขึ้นเพื่อควบคุมหัวข้อที่เกี่ยวข้องกับขั้นตอนและเงื่อนไขการใช้บริการของ ดีส อีส มีเดีย (“บริษัท”) และให้เป็นไปตามกฎหมายไทยข้อ 2 (การเปลี่ยนแปลงและการแจ้งเกี่ยวกับข้อตกลง)1. รายละเอียดของข้อตกลงฉบับนี้จะแสดงบนหน้าจอตอนสมัครสมาชิกและมีผลบังคับใช้ทันทีเมื่อท่าน ‘ยินยอม’ ตามข้อตกลง2. บริษัทสามารถแก้ไขเพิ่มเติมข้อตกลงฉบับนี้ในขอบข่ายที่ไม่ฝ่าฝืนกับกฎหมายที่เกี่ยวข้อง ได้แก่ พระราชบัญญัติการคุ้มครองผู้บริโภคที่เกี่ยวข้องกับพาณิชย์อิเล็กทรอนิกส์ (e-commerce) พระราชบัญญัติการส่งเสริมการใช้ประโยชน์จากเครือข่ายสารสนเทศและการสื่อสารและการคุ้มครองข้อมูล ฯลฯ พระราชบัญญัติว่าด้วยกฎข้อบังคับของข้อตกลง3. ในกรณีที่บริษัทมีการแก้ไขเพิ่มเติมข้อตกลงฉบับนี้แจ้งให้ทราบล่วงหน้าก่อน 7 วันบนหน้าเว็บไซต์ของบริษัทโดยจะอธิบายเหตุผลในการแก้ไขเพิ่มเติมพร้อมกับข้อตกลงฉบับใหม่4.ในกรณีที่บริษัทมีการแก้ไขเพิ่มเติมข้อตกลงฉบับนี้ให้มีผลบังคับใช้ตามสัญญาที่ทำหลังจากวันกำหนดใช้ข้อตกลงฉบับที่มีการแก้ไขเพิ่มเติมและสัญญาที่ทำไปแล้วก่อนหน้านั้นให้มีผลบังคับใช้ตามข้อตกลงฉบับก่อนแก้ไขเพิ่มเติม5. สมาชิกมีสิทธิที่จะปฏิเสธข้อตกลงที่ถูกแก้ไขเพิ่มเติมได้ สมาชิกต้องอ่านอย่างละเอียดเกี่ยวกับการเปลี่ยนแปลงข้อตกลง หากไม่ยอมรับข้อตกลงที่แก้ไขเพิ่มเติม ท่านสามารถยกเลิกการเป็นสมาชิกได้และหากยังคงใช้บริการต่อไปหลังจากวันที่ข้อตกลงฉบับใหม่มีผลบังคับใช้แล้ว บริษัทจะถือว่าท่านยอมรับในการเปลี่ยนแปลงของข้อตกลงข้อ 3 (กฎข้อบังคับนอกเหนือจากข้อตกลง)1. ข้อตกลงฉบับนี้ใช้ร่วมกับระเบียบการจัดการและนโยบายที่เกี่ยวข้องกับการบริการของบริษัท2. เรื่องใดที่ไม่ถูกระบุอยู่ในข้อตกลงฉบับนี้ให้เป็นไปตามพระราชบัญญัติว่าด้วยการกระทำความผิดเกี่ยวกับคอมพิวเตอร์และกฎหมายที่เกี่ยวข้อง3. บริษัทสามารถเลือกระเบียบการจัดการและข้อตกลงแต่ละข้อมาใช้ในการบริการแต่ละอย่างได้ในกรณีที่จำเป็นแต่ถ้ารายละเอียดของระเบียบการจัดการและข้อตกลงขัดแย้งให้ยึดตามระเบียบการจัดการเป็นหลักข้อ 4 (คำนิยาม)คำนิยามที่ใช้ในข้อตกลงฉบับนี้มีดังต่อไป1. สมาชิก : หมายถึงผู้ที่เปิดเผยข้อมูลเพื่อเข้าเป็นสมาชิกกับบริษัทและหมายถึงผู้ที่ได้รับมอบไอดีสมาชิก (ID) หลังจากยอมรับข้อตกลงและเงื่อนไขกับบริษัท2. ไอดีสมาชิก (“ไอดี”) : หมายถึงการผสมรวมระหว่างตัวเลขกับตัวอักษรที่สมาชิกเลือกและบริษัทเป็นผู้อนุมัติเพื่อการแยกแยะสมาชิกและการใช้บริการของสมาชิก3. รหัสผ่าน : หมายถึงการผสมรวมระหว่างตัวเลขกับตัวอักษรที่สมาชิกเป็นผู้กำหนดเพื่อยืนยันความเป็นสมาชิกให้ตรงกับไอเทมที่ได้รับมอบและเพื่อป้องกันข้อมูลส่วนตัวของสมาชิก4. ยกเลิกการเป็นสมาชิก : หมายถึงการที่บริษัทหรือสมาชิกยกเลิกข้อตกลงและเงื่อนไข5. Point : คือคะแนนที่มอบให้กับสมาชิกซึ่งสามารถเพิ่มขึ้นตามกิจกรรมของสมาชิกหรือตามการประเมินจากสิ่งนั้นและสามารถลดลงได้ตามความจำเป็น6. ค่ากิจกรรม : เป็นค่าที่แสดงถึงระดับการทำกิจกรรมของสมาชิก7. ค่าเลื่องชื่อ : เป็นค่าที่แสดงถึงระดับการประเมินเกี่ยวกับกิจกรรมของสมาชิก จะเพิ่มขึ้นตามการประเมินของบริษัทหรือสมาชิกคนอื่นๆ8. ค่าประสบการณ์ : หมายถึงการรวมกันระหว่าง ‘ค่ากิจกรรม’ กับ ‘ค่าเลื่องชื่อ’จะถูกสะสมไปเรื่อยๆ ไม่สามารถลดลงได้แบบ Point9. เลเวล : เป็นการแสดงระดับของสมาชิกซึ่งจะแตกต่างกันตามค่าประสบการณ์ (ค่ากิจกรรม + ค่าเลื่องชื่อ)ข้อ 5 (ที่มาของสัญญาการใช้งาน)1. สัญญาการใช้งานเกิดขึ้นจากความยินยอมในการใช้งานของบริษัทซึ่งเกี่ยวข้องกับการสมัครใช้งานและการยอมรับในเนื้อหาของกำหนดการใช้งาน2. การยอมรับในสัญญาการใช้งานทำได้โดยการกดปุ่ม ‘ยอมรับ’ ที่อยู่ด้านบนของใบสมัครข้อ 6 (สมัครการใช้งาน)1. User ที่เป็นสมาชิกและต้องการใช้บริการต้องให้ข้อมูลทั้งหมด (ไอดีสมาชิก (ID) รหัสผ่าน ชื่อ หมายเลขติดต่อ ที่อยู่) ตามที่บริษัทร้องขอ2. สมาชิกทุกคนต้องให้ข้อมูลที่แท้จริงของตนเองเท่านั้นจึงจะสามารถใช้บริการได้และหากสมาชิกไม่ได้ลงทะเบียนโดยใช้ข้อมูลที่แท้จริงของตนเอง เช่น ให้ข้อมูลปลอมหรือให้ข้อมูลของผู้อื่นจะไม่สามารถอ้างสิทธิ์ใดๆ ที่เกี่ยวข้องกับการใช้บริการได้และจะถูกลงโทษตามข้อกฎหมายที่เกี่ยวข้อง3. การสมัครเป็นสมาชิกจะต้องใส่ข้อมูลที่แท้จริงของตนเองเท่านั้นและบริษัทสามารถทำการตรวจสอบข้อมูลที่สมาชิกลงทะเบียนได้ สมาชิกต้องให้ความร่วมมืออย่างเต็มที่ต่อการตรวจสอบของบริษัท หากไม่ให้ความร่วมมือ บริษัทจะถือว่าข้อมูลที่สมาชิกลงทะเบียนเป็นข้อมูลเท็จ4. บริษัทสามารถแบ่งระดับสมาชิกและแบ่งระดับการใช้งานได้อย่างละเอียด อาทิเช่น เวลาการใช้ จำนวนการใช้ เมนูบริการข้อ 7 (การจำกัดและอนุมัติการสมัครการใช้งาน)1. บริษัทจะอนุมัติก็ต่อเมื่อสมาชิกกรอกทุกหัวข้อที่ระบุในข้อ 6 ครบถ้วนและสมัครการใช้งานเรียบร้อยแล้ว2. บริษัทสามารถยืดเวลาการอนุมัติเกี่ยวกับการสมัครใช้งานได้หากตรงกับข้อใดข้อหนึ่งดังต่อไป- กรณีที่เกิดปัญหาเกี่ยวกับระบบ- กรณีที่เกิดปัญหาทางด้านเทคนิค- กรณีที่รับรองว่าจำเป็นต่อบริษัทอื่น3. บริษัทสามารถไม่อนุมัติได้หากการสมัครการใช้งานตรงกับข้อหนึ่งข้อใดดังต่อไปนี้- กรณีที่ไม่ให้ข้อมูลที่แท้จริงของตนเอง- กรณีที่การสมัครมีเป้าประสงค์ขัดต่อกฎหมาย ประเพณีและวัฒนธรรมอันดีงาม กฎระเบียบและความสงบสุขของ- กรณีที่นำบริการดังกล่าวไปใช้ในทางที่ผิด- กรณีที่นำบริการดังกล่าวไปแสวงหาผลกำไร- กรณีที่ผู้สมัครเป็นคู่แข่งขันกับบริการดังกล่าว- กรณีที่ผู้สมัครเคยถูกยกเลิกสัญญาการใช้งานอันเนื่องจากขัดต่อข้อตกลงหรือข้อกฎหมาย- กรณีที่ขัดต่อหัวข้ออื่นนอกเหนือจากนี้4. บริษัทสามารถยกเลิกการอนุมัติได้หาพบว่าขัดต่อข้อหนึ่งข้อใดในข้อ 3 แม้ว่าจะเสร็จสิ้นขั้นตอนการสมัครสมาชิกไปแล้วก็ตามข้อ 8 (การเปลี่ยนแปลงหัวข้อสัญญา)กรณีที่มีการเปลี่ยนแปลงหัวข้อที่ให้กรอกตอนสมัครการใช้งาน สมาชิกจะต้องแก้ไขทางออนไลน์ด้วยตัวเองข้อ 9 (หน้าที่การยอมรับเกี่ยวกับการใช้และการมอบข้อมูลเครดิตส่วนตัว)เกี่ยวกับการสมัครสมาชิก ข้อมูลเครดิตที่ได้รับจากตัวข้าพเจ้าคือข้อมูลที่ต้องได้รับการยินยอมของข้าพเจ้าเมื่อใช้และมอบข้อมูลให้กับผู้อื่นตามพระราชบัญญัติการประกอบธุรกิจข้อมูลเครดิต ดังนั้นข้าพเจ้าจะมอบข้อมูลเครดิตด้านล่างนี้ให้กับผู้ใช้ ผู้ขายข้อมูลเครดิต หน่วยงานที่เกี่ยวกับข้อมูลเครดิตและมอบข้อมูลเครดิตและมอบข้อมูลเครดิตเพื่อใช้เป็นข้อมูลทางนโยบายของหน่วยงานราชการหรือใช้เป็นข้อมูลเพื่ออนุมัติเครดิตของตัวเองรายละเอียดข้อมูลเครดิตที่จะมอบให้ : ข้อมูลเครดิตส่วนตัวที่ใช้ในการสมัครข้าพเจ้าเห็นชอบในใบยินยอมการใช้และขอมอบข้อมูลเครดิตเพื่อใช้ในการสมัครสมาชิกข้อ 10 (หน้าที่เกี่ยวกับการจัดการไอดีสมาชิก(ID) และรหัสผ่าน1. บริษัทจะมอบไอดีสมาชิก (ID) ตามที่ระบุในข้อตกลงเกี่ยวกับสมาชิก2. ไอดีสมาชิก (ID) ไม่สามารถเปลี่ยนแปลงได้ แต่ในกรณีที่ต้องการเปลี่ยนด้วยเหตุผลที่หลีกเลี่ยงไมได้ สมาชิกต้องยกเลิกไอดีดังกล่าวและทำการสมัครใหม่3. ในกรณีที่ไอดีสมาชิก (ID) กับชื่อผู้ใช้ตรงกับข้อหนึ่งข้อใดดังต่อไปนี้ บริษัทสามารถยุติการใช้หรือเปลี่ยนแปลงสิทธิอำนาจมาเป็นของบริษัทได้- กรณีที่กังวลว่าจะล่วงละเมิดชีวิตส่วนตัวเมื่อลงทะเบียนไอดีสมาชิก (ID) ด้วยหมายเลขโทรศัพท์หรือหมายเลขบัตรประจำตัวประชาชน- กรณีที่ขัดต่อประเพณีและวัฒนธรรมอันดีงามหรือสร้างความน่ารังเกียจให้กับผู้อื่น- กรณีที่กังวลว่าจะเกิดความเข้าใจผิดหรือซ้ำกับชื่อบริษัท ผู้ดูแลบริการหรือบริการของบริษัท- กรณีที่มีเหตุผลอื่นๆ4. ความรับผิดชอบเกี่ยวกับ ID ผู้ใช้และรหัสผ่านเป็นของสมาชิก ความรับผิดชอบเกี่ยวกับการนำไปใช้ในทางที่ผิดอันเนื่องมาจากบุคคลที่ 3 หรือความเสียหายในการใช้บริการที่เกิดขึ้นจากความสะเพร่าเลินเล่อถือเป็นความรับผิดชอบของสมาชิกและบริษัทจะไม่รับผิดชอบในเรื่องดังกล่าว5. กรณีที่ไอดี (ID) ของตัวเองถูกใช้ในทางที่ผิด สมาชิกจะต้องแจ้งเรื่องนั้นให้บริษัททราบข้อ 11 (หน้าที่ของผู้เกี่ยวข้องสัญญา)1. หน้าที่ของบริษัท- บริษัทจะไม่กระทำการที่ขัดต่อความสงบเรียบร้อยหรือศีลธรรมอันดีของประชาชน กฎหมายที่เกี่ยวข้องและสิ่งที่ข้อตกลงฉบับนี้ห้ามไว้และบริษัทจะต้องพยายามอย่างเต็มที่เพื่อมอบบริการที่ต่อเนื่องและมีความเสถียรตามที่ระบุไว้ในข้อตกลง- บริษัทจะสร้างระบบรักษาความปลอดภัยสำหรับรักษาข้อมูลส่วนตัวของสมาชิกเพื่อให้สมาชิกสามารถใช้บริการได้อย่างปลอดภัยและจะปฏิบัติตามนโยบายคุ้มครองข้อมูลส่วนตัว- บริษัทต้องจัดการข้อมูลเกี่ยวกับกิจกรรมของสมาชิก เช่น Point ค่าประสบการณ์ ค่าเลื่องชื่อ เลเวลอย่างโปร่งใส- บริษัทจะไม่ส่งอีเมล์โฆษณาหวังผลกำไรที่สมาชิกไม่พึ่งประสงค์- บริษัทพยายามมอบความสะดวกให้กับสมาชิกในรายละเอียดและขั้นตอนของสัญญาไม่ว่าจะเป็นการยกเลิก เปลี่ยนแปลงหัวข้อสัญญาและการยอมรับในสัญญาการใช้งาน- กรณีที่บริษัทยอมรับว่าความไม่พอใจหรือความคิดเห็นที่ได้รับจากสมาชิกนั้นเหมาะสมดีแล้ว ทางบริษัทจะต้องจัดการโดยดำเนินการตามขั้นตอนที่เหมาะสมโดยทันที แต่กรณีที่จัดการในทันทีไม่ได้ บริษัทจะต้องแจ้งกำหนดการและเหตุผลให้สมาชิกทราบ2. ภาระหน้าที่ของสมาชิก- สมาชิกต้องใส่ข้อมูลตามจริงเมื่อสมัครสมาชิกหรือมีการเปลี่ยนแปลงข้อมูลสมาชิก กรณีลงทะเบียนข้อมูลเท็จหรือข้อมูลของผู้อื่น จะไม่สามารถอ้างสิทธิที่เกี่ยวข้องได้- สมาชิกต้องปฏิบัติตามที่ประกาศในข้อตกลง ระเบียบ ประกาศทุกข้อที่บริษัทกำหนด และห้ามกระทำการขัดขวางกิจกรรมของบริษัท สร้างความเสียหายแก่ชื่อเสียงของบริษัท สร้างความเสียหายแก่บุคคลอื่น- สมาชิกไม่สามารถใช้บริการโดยไม่ได้รับอนุญาตจากบริษัท และบริษัทไม่รับผิดชอบต่อผลที่เกิดขึ้นจากการกระทำของสมาชิก และถ้าสมาชิกสร้างความเสียหายให้กับบริษัท สมาชิกต้องรับผิดชอบความเสียหาย และบริษัทสามารถเรียกร้องค่าเสียหายได้ตามกฏหมายและข้อกำหนดการใช้บริการจากสมาชิกคนดังกล่าว- สิทธิการใช้งานของบริการที่ไม่ได้รับความเห็นชอบจากบริษัท ไม่สามารถโอนสิทธิการใช้งานให้แก่ผู้อื่นได้- สมาชิกไม่สามารถกระทำการเกี่ยวกับการใช้บริการตามแต่ละข้อตามข้อ 17 วรรค 2 ได้ข้อ 12 (การนำเสนอข้อมูล)1. บริษัทสามารถนำเสนอข้อมูลที่ตระหนักแล้วว่าจำเป็นต่อการใช้บริการแก่สมาชิกด้วยวิธีการต่างๆ เช่น อีเมล์ จดหมาย ไปรษณีย์ SMS โทรศัพท์ เป็นต้น2. บริษัทสามารถเก็บข้อมูลส่วนตัวเพิ่มเติมด้วยความยินยอมของสมาชิกเพื่อการปรับปรุงการบริการและแนะนำการบริการของสมาชิกได้ตามกฏหมาย3. สมาชิกที่ไม่ต้องการนำเสนอข่าวสารผ่านอีเมล์สามารถปฏิเสธได้ข้อ 13 (การโพสท์ของสมาชิก)ทีมงานสามารถลบข้อความโดยไม่ต้องแจ้งให้ทราบล่วงหน้า และตักเตือนลงโทษสมาชิกหากข้อความที่สมาชิกโพสท์ถูกตัดสินว่ามีความผิดจาก 1 ในข้อกำหนดต่อไปนี้- กรณีใช้คำหยาบรุนแรงหรือทำให้สมาชิกอื่น บุคคลที่สามเสียหาย- กรณีเผยแพร่หรือทำลิงค์ข้อมูลผิดกฏหมาย- กรณีเป็นข้อความผิดกฏหมาย- กรณีเป็นข้อความที่ละเมิดสิทธิผู้อื่น เช่น ลิขสิทธิ์- กรณีเกินกำหนดเวลาประกาศที่บริษัทกำหนดไว้- กรณีเป็นข้อความที่สนับสนุนการกระทำผิกกฏหมายหรือการแฮกกิ้ง(Hacking)- กรณีกล่าวหาใส่ร้ายสมาชิกอื่น- กรณีเป็นข้อความโฆษณาชวนเชื่อหรือลามกอนาจาร- กรณีเขียนโฆษณาหรือข้อความประชาสัมพันธ์เพื่อการค้า- ข้อความที่มีคำหยาบคายมากเกินไป- กรณีไม่สอดคล้องกับลักษณะการให้บริการด้วยข้อความทางการเมืองส่วนตัว ปลุกระดมมวลชน ความคิดเห็นทางศาสนา- กรณีผิดข้อกำหนดบริษัทหรือไม่สอดคล้องกับเวบบอร์ด- กรณีผิดกฏหมายอื่นข้อ 14 (ลิขสิทธิ์เกี่ยวกับเว็บไซต์)ลิขสิทธิ์เกี่ยวกับข้อมูลที่ประกาศในบริการมีดังต่อไปนี้1. ลิขสิทธิ์ทางปัญญา เช่น ลิขสิทธิ์เกี่ยวกับสิ่งที่บริษัทเขียนและเป็นลิขสิทธิ์ของบริษัท2. สิ่งที่สมาชิกโพสท์ภายในเว็บไซต์เป็นลิขสิทธิ์ของสมาชิกที่โพสท์ แต่บริษัทสามารถใช้งานข้อมูลที่สมาชิกโพสท์ไปใช้เพื่อการจัดการ การแสดง การเผยแพร่ การประชาสัมพันธ์ได้ภายในขอบเขตที่เหมาะสมตามกฏหมายกำหนดโดยไม่ต้องขออนุญาตจากสมาชิก- เขียนข้อความภายในขอบเขตที่กำหนดคือคัดลอก แก้ไข ปรับปรุง แสดง เผยแพร่ข้อความของสมาชิกในเว็บไซต์โดยไม่ละเมิดลิขสิทธิ์ตามกฏหมาย- การนำเสนอ แสดง เผยแพร่ หรือประชาสัมพันธ์สิ่งที่สมาชิกโพสท์แก่พันธมิตร เช่น สื่อมวลชน นักข่าว กรณีนี้บริษัทจะไม่นำเสนอข้อมูลส่วนตัวของสมาชิกยกเว้น ID ผู้ใช้งานของสมาชิกโดยไม่จำเป็นต้องได้รับความยินยอม3. สมาชิกมอบสิทธิการใช้งานในวรรค 2 โดยมีผลในช่วงที่บริษัทให้บริการอยู่ และยอมรับให้มีผลหลังจากสมาชิกออกจากเว็บไซต์ไปแล้วเช่นกัน4. สมาชิกไม่สามารถนำข้อความที่ได้จากการใช้งานเว็บไซต์ไปใช้ดัดแปลง ซื้อขายในทางธุรกิจได้ข้อ 15 (เวลาการใช้งานเว็บไซต์)1. การใช้งานเว็บไซต์มีมาตรฐานคือ 1 วัน 24 ชั่วโมงต่อเนื่องโดยไม่มีหยุด ยกเว้นวันหรือเวลาที่บริษัทกำหนดในการซ่อมบำรุงเว็บไซต์2. บริษัทแบ่งเว็บไซต์ออกตามที่กำหนด และสามารถกำหนดเวลาการใช้งานแยกตามที่กำหนดได้ โดยบริษัทจะแจ้งให้ทราบล่วงหน้าข้อ 16 (การหยุดให้บริการชั่วคราว)1. บริษัทสามารถหยุดให้บริการชั่วคราวได้ในกรณีดังต่อไปนี้- กรณีหลีกเลี่ยงไม่ได้เนื่องจากการบำรุงรักษา เช่น การซ่อมบำรุงเครื่องมือสำหรับให้บริการ- กรณีผู้ถ่ายทอดสัญญานการสื่อสารรับอนุญาต(Common carrier)ตามกฏหมายกำหนดหยุดให้บริการชั่วคราว2. บริษัทสามารถจำกัดหรือหยุดทั้งหมดหรือบางส่วนของบริการเมื่อมีอุปสรรคในการใช้บริการเว็บไซต์ปกติ เช่น สถาการณ์ผิดปกติของประเทศ การสงบศึก ข้อขัดข้องของอุปกรณ์ให้บริการ หรือมีการใช้งานเว็บไซต์มากเกินไปข้อ 17 (การเลิกสัญญาและการจำกัดการใช้งาน)1. เมื่อสมาชิกไม่ยอมรับตามสัญญาการใช้งาน สมาชิกคนดังกล่าวต้องแจ้งไม่ยอมรับผ่านช่องทางออนไลน์2. บริษัทสามารถจำกัดการใช้งาน รีเซท ยกเลิกสัญญาการใช้งาน หรืออื่นๆที่เกี่ยวข้องโดยไม่ต้องแจ้งให้ทราบล่วงหน้าเมื่อสมาชิกกระทำตามอย่างน้อย 1 ข้อดังต่อไปนี้- กรณีใช้งาน ID หรือรหัสผ่านของสมาชิกอื่น- ขัดขวางการดำเนินการของบริษัท แอบอ้างเป็นเจ้าหน้าที่หรือผู้เกี่ยวข้องกับบริษัท หรือขัดขวางการดำเนินงานของเว็บไซต์ด้วยเจตนาไม่ดี- กรณีชื่อที่ใช้สมัครไม่ใช่ชื่อจริง และใช้ข้อมูลส่วนตัวของผู้อื่น- กรณีลงทะเบียนซ้อนด้วยผู้ใช้งานเดียวกันหรือ ID อื่น- กรณีเผยแพร่ข้อมูลที่เป็นอันตรายต่อธรรมเนียมปฏิบัติหรือประเพณีและวัฒนธรรมอันดีงาม- กรณีวางแผนหรือดำเนินการใช้งานเว็บไซต์ที่เป็นอันตรายต่อสมาชิกหรือบริษัท- กรณีสร้างความเสียหายแก่ชื่อเสียงของผู้อื่น- กรณีกระทำการขัดแย้งกับนโยบายการจัดการ- รบกวนหรือคุกคามผู้ใช้งานอื่น สร้างปัญหาหรือความวุ่นวายอย่างต่อเนื่องแก่ผู้ใช้งานอย่างเฉพาะเจาะจง- เปลี่ยนแปลงโปรแกรมไคลเอนท์ของบริษัทโดยไม่ได้รับอนุญาตจากบริษัท แฮกกิ้ง(Hacking)เซิฟเวอร์บริษัท  เปลี่ยนบางส่วนหรือทั้งหมดของเว็บไซต์หรือข้อมูลเวบบอร์ดตามใจชอบ- กรณีต้องการแก้ไขส่วนที่เกี่ยวข้อง เช่น คณะกรรมการป้องกันความปลอดภัยทางอินเตอร์เนท(Internet Safety Commission)- ผิดข้อบังคับ เช่น ผิดหรือถูกตัดสินว่าเกี่ยวข้องกับอาชญากรรมที่อยู่ในสัญญาการใช้งานของบริษัท(ข้อ 7 วรรค 3 ข้อ 13)ข้อ 18 (การชดเชยความเสียหาย)บริษัทและสมาชิกต้องชดเชยความเสียหายแก่อีกฝ่ายในกรณีที่สร้างความเสียหายต่อการใช้งานเว็บไซต์แต่บริษัทไม่รับผิดชอบกรณีไม่ผิดต่อเนื้อหาในนโยบายการปกป้องข้อมูลส่วนตัวซึ่งเกี่ยวข้องกับการใช้งานที่ไม่เสียค่าใช้จ่ายข้อ 19 (การยกเว้นความรับผิดชอบ)1. บริษัทยกเว้นความรับผิดชอบที่เกี่ยวกับการให้บริการในกรณีที่ไม่สามารถให้บริการได้เนื่องจากเหตุสุดวิสัย หรือภัยธรรมชาติ2. บริษัทยกเว้นความรับผิดชอบที่เกี่ยวกับความเสียหายที่เกิดจากสาเหตุที่หลีกเลี่ยงไม่ได้ เช่น การซ่อมแซม แลกเปลี่ยน ซ่อมบำรุง ประกอบอุปกรณ์สำหรับให้บริการ3. บริษัทยกเว้นความรับผิดชอบกรณีเกิดความเสียหายเนื่องจากการเออเรอร์ของสมาชิก หรือเกิดความเสียหายจากสมาชิกใส่ข้อมูลหรือที่อยู่อีเมล์ไม่ถูกต้อง4. บริษัทยกเว้นความรับผิดชอบที่เกี่ยวกับการเสียประโยชน์หรือความเสียหายจากข้อมูลที่ได้รับเนื่องจากสมาชิกใช้บริการเว็บไซต์5. บริษัทยกเว้นความรับผิดชอบที่เกี่ยวกับข้อมูล รายละเอียด ความเชื่อมั่นในความจริง ความแม่นยำที่สมาชิกประกาศลงในเว็บไซต์6. บริษัทไม่รับผิดชอบชดเชยความเสียหายเนื่องจากความขัดแย้งระหว่างสมาชิก สมาชิกกับบุคคลที่ 3ข้อ 20 (การประกาศ)1. บริษัทสามารถส่งข้อความในเว็บไซต์หรืออีเมล์ที่สมาชิกลงทะเบียนไว้กับบริษัทเมื่อมีประกาศเกี่ยวกับสมาชิก2. บริษัทสามารถเปลี่ยนแปลงประกาศแต่ละฉบับได้ผ่านทางเวบบอร์ดในกรณีที่ต้องประกาศแก่สมาชิกส่วนใหญ่ที่ไม่ระบุเฉพาะเจาะจงข้อ 21 (ศาลที่มีเขตอำนาจ)1. รายละเอียดที่ไม่ได้ระบุไว้ในสัญญาการใช้งานต้องทำตามกฏหมายที่เกี่ยวข้องและธรรมเนียมปฏิบัติ2. กรณียื่นฟ้องเกี่ยวกับความขัดแย้งที่เกิดจากการใช้บริการ ข้อกำหนดของบริษัทจะเป็นไปตามกฏหมาย[ข้อกำหนดเพิ่มเติม]1. สัญญาการใช้งานดังกล่าวมีผลบังคับใช้ตั้งแต่ 3 กันยายน ค.ศ.20072. สัญญาการใช้งานเดิมที่เคยใช้ตั้งแต่ 27 กุมภาพันธ์ ค.ศ.2005 จะเปลี่ยนเป็นฉบับนี้_____________________________",355,th,
thisisgamethailand,2022/05/04,https://www.thisisgamethailand.com/content/Berserk-Fan-Art-Imagines-How-Series-Would-Continue-After-Finale.html,โลกของ Berserk เป็นหนึ่งในแฟรนไชส์เลือดนองที่มืดมนที่สุดในโลกแห่งอนิเมะ แต่การ์ตูนนี้ก็ถือว่าเป็นหนึ่งในการ์ตูนโปรดของแฟน ๆ มาโดยตลอดตั้งแต่เปิดตัวในปี 1980 น่าเสียดายเป็นอย่างมากที่ตอนจบของ Berserk นั้นเป็นไปไม่ได้เสียแล้วเมื่อการ์ตูนเรื่องนี้ได้สูญเสียอาจารย์ Kentaro Miura ไปอย่างไม่มีวันกลับล่าสุดก็มีแฟนการ์ตูนคนหนึ่งได้ออกมาวาดแฟนอาร์ตสานต่อเรื่องราวที่อาจารย์ Miura ค้างไว้ โดยจินตนาการว่าซีรีส์นี้จะมีการดำเนินเรื่องราวอย่างไรหากมันดำเนินต่อไปผู้ใช้งานทวิตเตอร์ที่ชื่อว่า Theo ได้ออกมานำเสนอเรื่องราวที่ค้างไว้ โดยเขาได้จินตนาการถึงสิ่งที่เกิดขึ้นหลังจากการเปิดเผยว่าอย่างน้อย Moonlight Boy ก็มี Griffith บางส่วนอยู่ในตัวเขา ขณะที่ทั้ง Guts และ Casca ต้องรับมือกับผลที่ตามมาของการเปิดเผยนี้ เช่นเดียวกับความรู้สึกที่ทั้งคู่ยังคงอยู่ในตอนนี้ก็ต้องบอกว่าอนาคตของ Berserk นั้นไม่แน่นอนเลยแม้แต่น้อย ในตอนนี้ยังไม่มีมังงะตอนใหม่ ๆ ออกมา การสร้างอนิเมะยังคงมีอยู่ แต่เราก็ต้องมารอลุ้นกันต่อไปว่าจะมีการสานต่อการ์ตูนเรื่องนี้ด้วยอาจารย์ท่านอื่นหรือไม่ หรือว่าทุกอย่างจะจบสิ้นลงแต่เพียงเท่านี้ครับอย่าลืม! กด Subscribe และกดกระดิ่ง ที่>> เข้ากลุ่มคนไทยพูดคุยเกี่ยวกับ<<ที่มา : comicbook,45,th,
thisisgamethailand,2022/05/04,https://www.thisisgamethailand.com/content/Pokemon-Short-Story-Watch-Your-Pokemon.html,Pokemon เป็นการ์ตูนที่อยู่กับผู้เล่นมาหลายทศวรรษ โดยตลอดเวลาที่ผ่านมาการ์ตูนเรื่องนี้สร้างความสนุกสนานให้กับแฟน ๆ มาโดยตลอด และนอกเหนือจากการ์ตูนแล้ว Pokemon ก็ยังมีเกมให้เราได้เล่นกันจำนวนมาก ซึ่งระบบหลักที่เราจะได้ใช้งานภายในเกมซีรีส์นี้ก็คือ การต่อสู้ด้วยโปเกมอนนั่นเองล่าสุดผู้เขียนได้พบกับผลงานการ์ตูนสั้นที่จะเรียกเสียงหัวเราะให้กับแฟน ๆ ซีรีส์นี้ ส่วนเรื่องราวจะเป็นอย่างไรมาติดตามกันได้ที่ด้านล่างนี้เลยครับภายในการ์ตูนนี้เราจะได้เห็นเด็กคนหนึ่งที่มี Weedle และ Metapod กำลังท้าสู้กับคนที่เดินไปมา โดยคนแรกปฏิเสธไม่ต่อสู้ด้วยเพราะว่าเขาไม่มีโปเกมอนนั่นเอง ในขณะที่คนต่อมานั้นปฏิเสธไม่ต่อสู้ด้วยเพราะเธอหวงโปเกมอนของเธอ ไม่อยากให้บาดเจ็บ ในขณะที่คนสุดท้ายที่เด็กคนนี้ท้าสู้ก็คือเทรนเนอร์ (ผู้เล่น) ซึ่งเธอคนนั้นก็จัดให้ตามความต้องการ ถล่มเด็กคนนี้ด้วย Zekrom โปเกมอนในตำนานจาก Pokemon ภาค Black นั่นเองสำหรับผู้ที่เข้ามารับชมผลงานนี้ก็ได้คอมเมนต์แซวกันจำนวนมาก เช่น“จากนั้นก็ปล้นเงินเด็ก 100 หน่วยจากการต่อสู้!”“สงสารนะ แต่เป็นตัวเองก็ทำเหมือนกัน”“โอ๊ยยยยยย เอาเรื่องจริงมาล้อเล่นทำม๊ายยยย”“นี่คือจุดที่สนุกที่สุดของเกมนี้เลยนะ”“ขอให้ไปสู่สุคตินะ...”อย่าลืม! กด Subscribe และกดกระดิ่ง ที่>> เข้ากลุ่มคนไทยพูดคุยเกี่ยวกับ<<,51,th,
thisisgamethailand,2022/05/04,https://www.thisisgamethailand.com/content/Review-Swinging-Man.html,"แค่อ่านหัวข้อมาก็น่าจะตะลึงกันพอสมควรเลยทีเดียวสำหรับคอนเซ็ปต์เกมสุดปั่น ""ฝีมือคนไทย"" ที่มีชื่อเกมว่า Swinging-Man ซึ่งเป็นเกมที่ถูกพัฒนาโดยคน ๆ เดียว คือคุณ Napas Torteeka ที่ได้ตัดสินใจทำเกมสุดปั่นล้อเลียนฮีโร่จากค่ายดังอย่าง Spider-Man ที่จะให้คุณรับบทเป็นสิ่งมีชีวิตประหลาดตัวสีแดง แต่ไม่มีแขน ไม่มีขา ความสามารถเพียงอย่างเดียวของเขาคือพ่นใยสีขาวขุ่นเพื่อโหนตัวไปตามตึกรามบ้านช่อง และเก็บหนังสือผู้ใหญ่ให้ได้มากที่สุด! วางจำหน่ายแล้วใน STEAM ราคา 99 บาท เท่านั้น""พลังอันยิ่งใหญ่มาพร้อมกับค่าไฟที่สูงลิ่ว""RTX 3090 ไม่ได้กล่าวไว้คือคำโปรยจากหน้า Title แรกเมื่อคุณกดเข้าเกม Swinging-Man เห็นได้ชัดว่ามีการล้อเลียนวลีเด็ดจากหนัง Spider-Man ว่า ""พลังอันยิ่งใหญ่มาพร้อมความรับผิดชอบที่ใหญ่ยิ่ง"" เปิดเกมมาคุณจะพบกับเจ้า Swinging-Man ที่ยืนเท่อยู่บนยอดตึกที่สูงที่สุดในเมือง ด้วยกราฟิกสุดน่ารักแต่ก็มีสะเก็ดน้ำสีขาวขุ่นคอยพ่นออกมาจากตัวมันเป็นระยะ ๆ (อะไรกันครับเนี่ย! 555) และตัวเลือกของคุณหากจะเล่นเกมล่ะก็... เกมนี้ไม่มีคำว่า Start ให้คุณกดหรอกนะ เพราะถ้าจะเล่นคุณต้อง Go Swinging เท่านั้น! (หมายถึงโหนเชือกน่ะ!)เกมเพลย์อย่างที่กล่าวไปในข้างต้นว่า Swinging-Man เป็นเกมที่ล้อเลียนการเคลื่อนที่ของฮีโร่ชื่อดังอย่าง Spider-Man เพราะงั้นเกมเพลย์จะเป็นการเล่นกับกฎฟิสิกซ์ แรงโน้มถ่วงและแรงเหวี่ยงตัว เริ่มเกมเราจะตกลงมาจากบนฟ้าและให้ยิงใยไปที่บริเวณตึกรามบ้านช่อง เพื่อเหวี่ยงตัวไปตามทิศทางที่ต้องการ เป้าหมายของเราคือเก็บหนังสือโป๊ให้ได้มากที่สุด เพื่อรับ EXP อัพเลเวล และเลือกสกิลช่วยเหลือการเล่นให้เราเก่งขึ้นและรับมือกับอุปสรรคได้มากขึ้น ทำให้ตัวเกมมีความเป็น Rouge Like อยู่พอสมควร เมื่อเราพัฒนาตัวละครให้เก่งขึ้นไปเรื่อย ๆ ก็จะสามารถรับมือกับศัตรูหรือบอสที่เก่งขึ้นได้ครับการบังคับเกมนี้จะเล่นด้วยการใช้เมาส์เป็นหลัก และใช้ปุ่มในคีย์บอร์ดอีกเล็กน้อย โดยปุ่มหลักที่คุณจะต้องใช้คือคลิกซ้ายและคลิกขวา คุณสามารถเลื่อนเมาส์เพื่อเล็งทิศทางได้ แล้วคลิปซ้ายเพื่อพ่นใยไปตำแหน่งที่ต้องการ เมื่อจังหวะและแรงเหวี่ยงถูกต้อง คุณสามารถกดคลิกขวาเพื่อปลดใยแล้วลอยตัวไปตามทิศทางของแรงเหวี่ยง นอกจากนี้ถ้าคุณสามารถเก็บหนังสือโป๊จนเลเวลอัพได้ คุณก็จะได้ตัวเลือกมาอัพสกิลใหม่ บางสกิลที่เป็นประเภทกดใช้ก็จะมีปุ่ม Shift หรือปุ่ม Space Bar เพิ่มขึ้นมาเพื่อกดสกิลตามความสามารถที่ได้รับ ที่เหลือก็จะเป็นเรื่องของการคำนวณแรงเหวี่ยงและเล่นกับกฎฟิสิกซ์แล้วล่ะครับเลือกอัพสกิลในแบบที่คุณชอบในเกมเราจะสามารถอัพเลเวลได้ด้วยการเก็บหนังสือโป๊ที่ลอยอยู่ตามทาง ถ้าเก็บจนถึงปริมาณที่กำหนดเลเวลเราก็จะเพิ่มและสามารถอัพสกิลได้ 1 สกิลด้วยการกด Tab ในการอัพสกิลแต่ละครั้งจะสุ่มสกิลขึ้นมาให้คุณเลือก 3 สกิล คุณจะต้องเลือก 1 ใน 3 สกิลนี้ให้ดีที่สุดสำหรับคุณ เพราะเลเวลอัพครั้งหน้ามันก็จะสุ่มใหม่ ไม่มีอะไรการันตีได้ว่าจะได้ของเดิมหรือของที่ดีกว่า โดยสกิลจะแบ่งออกเป็นประเภท Active จะเป็นสีแดง เน้นกดใช้ Passive เป็นสีเหลือง จะเน้นเพิ่มสเตตัส และ Recovery เป็นสีฟ้า เน้นเพิ่มเลือด และเรายังสามารถเก็บกล่องหนังสือโป๊ขนาดใหญ่ เพื่อเป็นแต้มสกิลไปอัพ Passive นอกเกมได้อีกด้วย เพื่อทำให้ Base Status ของเรามากขึ้นนั่นเองอุปสรรคของเกมช่วงแรกเพื่อน ๆ อาจจะต้องปรับตัวกับกฎฟิสิกซ์ในเกมสักระยะนึงกว่าจะเคยชิน โดยอุปสรรคพื้นฐานที่เราจะเจอในเกมก็คือป้ายโฆษณาต่าง ๆ ที่ติดตามบ้านเรือน ถ้าชนก็จะเสียเลือด หรือถ้าโหนใกล้พื้นมากจนเกินไปก็มีโอกาสที่จะถูกรถชนเสียเลือดเหมือนกัน แต่อย่างที่เกริ่นไปว่าอุปสรรคของเกมนี้ไม่ได้มีแค่แรงฟิสิกซ์หรือชาวบ้านเท่านั้น ไม่นานก็จะมีมอนสเตอร์ต่าง ๆ ปรากฎออกมาจู่โจมเรา เช่น โดรนบินที่สามารถยิงเลเซอร์ได้ ระเบิดเวลาของผู้ก่อการร้ายที่เราจะต้องรีบไปกู้ก่อนที่จะหมดเวลา รวมไปถึงบอสที่เมื่อปรากฎตัวออกมาจะมีแถบเลือดของบอสขึ้นตรงกลางจอ เราจะต้องเด้งใส่จุดอ่อนของมันจนกว่ามันจะตาย บอกเลยว่าเป็นอะไรที่มันส์มากการคำนวณ HP ในเกมนี้เกมนี้ไม่ได้ใช้ระบบ HP เหมือนเกมทั่วไปที่มีค่าพลังชีวิตที่เลือดหมดแล้วจะตาย แต่เกมนี้จะใช้ระบบฟิสิกซ์ที่เพิ่มแรงเหวี่ยงเป็น % ทุกครั้งที่เราถูกโจมตีหรือพลาดไปชนสิ่งกีดขวาง เพราะปกติตามกฎฟิสิกซ์นั้นถ้าเราเหวี่ยงตัวไปชนอะไรสักอย่างตัวเราก็จะถูกเด้งกลับอย่างรุนแรง แต่มันจะยิ่งแรงขึ้นไปอีกถ้าคุณมี % แรงเหวี่ยงที่สูงขึ้นจากการเสีย HP ถ้า % แรงเด้งมันสูงมากจนคุณต้องเด้งออกไปนอกจอ นั่นหมายความว่าคุณตายและเกมก็จะจบ แต่ถ้าคุณเก่งพอ ต่อให้ % จะสูงแค่ไหน แรงกระแทกจะกระเด็นไกลหรือเร็วยังไง ถ้าสติของคุณสามารถคลิกพ่นใยได้ทัน คุณก็จะรอด ซึ่งกฎ HP ของเกมนี้จะคล้าย ๆ กับเกมต่อสู้ชื่อดังอย่าง ""Super Smash Bros."" ครับเป็นยังไงกันบ้างครับสำหรับเกม Swinging-Man เกมสุดปั่น สุดล้อเลียน ""ฝีมือคนไทย"" โดยคุณ Napas Torteeka ตัวเกมโดยรวมนั้นช่วงแรกผมก็คิดว่าเหมือนจะไม่มีอะไรเป็นพิเศษ แต่พอได้เล่นดูแล้วกลับรู้สึกมันส์อย่างบอกไม่ถูก เป็นเกมที่สามารถเล่นได้เรื่อย ๆ เพลิน ๆ เอาไว้เล่นฆ่าเวลาสนุก ๆ ในราคาเบา ๆ เพียงแค่ 99 บาท ในช่องทาง STEAM ถ้าใครสนใจก็เข้าไปอุดหนุนคนไทยด้วยกันหน่อยนะครับอย่าลืม! กด Subscribe และกดกระดิ่ง ที่>> เข้ากลุ่มคนไทยพูดคุยเกี่ยวกับ<<",176,th,Neutral
thisisgamethailand,2022/05/04,https://www.thisisgamethailand.com/content/Review-TIG-CRIMESIGHT.html,CRIMESIGHT เกม PvP แบบจำลองสถานการณ์อาชญากรรม ให้ผู้เล่นแข่งขันกันโดยฝ่ายหนึ่งจะมี AI ที่ชื่อว่า Moriarty คอยช่วยเหลือในการก่อคดีฆาตกรรมด้วยการควบคุมตัวละครฆาตกร ไปกำจัดเป้าหมาย ในขณะที่อีกฝั่งหนึ่งจะมี AI ที่ชื่อว่า Sherlock มีหน้าที่ทำทุกวิธีการในการป้องกันไม่ให้เกิดคดีขึ้น และเปิดโปงให้ได้ว่าใครคือฆาตกรที่กำลังถูกควบคุมโดย Moriartyในโอกาสนี้ผู้เขียนได้มีโอกาสเล่นเกม CRIMESIGHT เป็นที่เรียบร้อยแล้ว และก็ไม่พลาดที่จะนำรีวิวมาให้อ่านกันครับ       อนึ่ง... การรีวิวนี้เกิดขึ้นบน PC และเป็นการรีวิวในวันที่ 16-21 เมษายน 2565 หากผู้อ่านกลับมาอ่านในภายภาคหน้า ข้อสังเกตบางข้ออาจมีแพทช์ออกมาแก้ไขเรียบร้อยแล้วก็เป็นได้เกม PvP แบบจำลองสถานการณ์อาชญากรรมสไตล์บอร์ดเกมสิ่งแรกที่ทำให้ผู้เขียนค่อนข้างประทับใจใน CRIMESIGHT ก็คือ เกมดังกล่าวมีกลิ่นอายของบอร์ดเกมประเภทสืบสวนสอบสวนเข้ามาด้วย ทำให้หากผู้อ่านคนใดเคยเล่นบอร์ดเกมมาแล้วก็จะสามารถเข้าใจเกมนี้ และเล่นเกมนี้ได้รวดเร็วมากยิ่งขึ้น ในขณะเดียวกันผู้อ่านคนใดที่ไม่เคยเล่นบอร์ดเกมมาก่อนก็สามารถเล่นเกมนี้ได้เช่นกัน แต่อาจจะต้องใช้เวลาเรียนรู้ในการเล่นพื้นฐาน รวมไปถึงฝึกฝนให้เชี่ยวชาญสักพักเพื่อที่จะได้เข้าใจรูปแบบของเกม และเล่นได้สนุกมากยิ่งขึ้นสำหรับกฎของเกมพื้นฐานเรียกได้ว่าเข้าใจได้ไม่ยากครับ ผู้เล่นแต่ละคนจะสามารถควบคุมตัวหมาก (ตัวละคร) ที่ติดอยู่ในสถานที่หนึ่งได้ โดยจำนวนในการควบคุมหมากนั้นจะขึ้นอยู่กับจำนวนคนเล่นในแต่ละรอบ เป้าหมายหลักของฝั่งฆาตกร (Moriarty) ก็คือการควบคุมตัวละครเพื่อเปิดโอกาสให้ได้จังหวะในการสังหารเป้าหมายโดยที่ไม่มีใครเห็น ในขณะเดียวกันฝั่งนักสืบ (Sherlock) จะไม่รู้ว่าใครคือฆาตกร แต่ตลอดการเล่นจะมีการสรุปผล และการค่อย ๆ ตัดตัวเลือกออกไป เพื่อช่วยเราตามหาฆาตกรให้เจอก่อนที่เขาจะสามารถฆ่าเป้าหมายได้จากเกมเพลย์ที่เขียนมานี้ถือว่าเป็นอีกหนึ่งเกมที่มีเกมเพลย์ที่น่าสนใจอย่างมาก อย่างไรก็ตามข้อสังเกตก็คือการที่ผู้เล่นจะสามารถเล่นเกมนี้ได้อย่างคล่องแคล่วอาจจะต้องใช้เวลาที่ค่อนข้างนานเพื่อทำความเข้าใจกฎ กติกา รวมไปถึงเทคนิคในการเล่นให้มีประสิทธิภาพมากยิ่งขึ้นตัวละครออกแบบมามีเอกลักษณ์น่าสนใจ พร้อมฉากสุดสวยภายในเกม CRIMESIGHT ผู้เล่นจะได้พบเจอกับตัวละครมากมาย โดยตัวละครแต่ละตัวนั้นผู้เขียนก็ประทับใจอย่างมาก เพราะว่าตัวละครแต่ละตัวถูกดีไซน์ออกมาได้โดดเด่นมีเอกลักษณ์แตกต่างกันไป ซึ่งรูปลักษณ์ภายนอกของตัวละครแต่ละตัวก็จะสะท้อนให้เห็นนิสัยของตัวละครนั้น ๆ รวมไปถึงบทพูดของตัวละครแต่ละตัวก็จะสอดคล้องไปกับรูปลักษณ์ของพวกเขาด้วยเช่นกัน ซึ่งจุดนี้ก็ถือว่าเป็นจุดที่น่าสนใจพอสมควรนอกจากนี้ฉากพื้นหลังภายในเกมนี้ ไม่ว่าจะเป็นสถานที่ต่าง ๆ ที่เราจะได้เห็น ห้องมากมายเพื่อให้เราได้ควบคุมตัวละครไปเดินเล่น รวมไปถึงองค์ประกอบเล็ก ๆ น้อย ๆ อย่างเฟอร์นิเจอร์ หรือสิ่งของต่าง ๆ รวมไปถึงเอฟเฟกต์ประกอบต่าง ๆ ก็ทำออกมาได้ในระดับที่ไม่ผิดหวังด้วยฝีมือของ KONAMI ครับรายละเอียดระหว่างการเล่นที่หลากหลาย ทำให้เล่นได้ไม่มีเบื่อนอกเหนือจากเกมเพลย์ปกติแล้ว ระหว่างการเล่นเกมนี้จะมีรายละเอียดปลีกย่อยที่น่าสนใจให้ผู้เล่นได้ใช้งานด้วย ไม่ว่าจะเป็นลำดับการเดินของหมากแต่ละตัวซึ่งผู้เล่นจะต้องสังเกตลำดับให้ดีเพราะจะส่งผลต่อการเอาชนะเป็นอย่างมาก ตัวอย่างเช่น หากผู้เล่นเลือกให้ตัวละครเดินไปค้นหาของที่จุด A แล้วมีตัวละครก่อนหน้าเดินไปค้นหาของที่จุดนั้นก่อน จะทำให้การเดินหมากของตัวละครที่ 2 นั้นเสียเปล่าทันทีนอกจากนี้ตัวละครยังมีโอกาสติดสถานะพิเศษได้ เช่นหากตัวละครหาอาหารมาทานไม่ทันในช่วงเวลาที่กำหนดก็จะติดสถานะ Fatigue ที่จะทำให้ตัวละครนั้นเดินไปช่องต่าง ๆ ได้น้อยลง หรือแม้กระทั่งหากตัวละครโดนสเปรย์พริกไทยฉีดใส่ก็จะทำให้ติดสถานะตาบอด โดยสามารถรักษาได้ด้วยการใช้ชุดปฐมพยาบาล เป็นต้นตลอดการเล่นเกม ผู้เล่นสามารถสื่อสารกับผู้เล่นคนอื่น ๆ ได้ตลอด ไม่ว่าผู้เล่นจะอยู่ฝั่งใดก็ตาม ไม่ว่าจะเป็นการบอกว่าเราจะควบคุมหมากตัวไหน ให้ทำอะไร  เราสงสัยตัวละครตัวไหนว่าเป็นคนร้าย  เราคิดว่าใครคือเป้าหมายของการฆาตกรรม รวมไปถึงแสดงความเห็นต่อสิ่งที่ผู้เล่นคนอื่น ๆ นำเสนอ เช่น เห็นด้วย  ไม่เห็นด้วย หรือ แน่ใจเหรอ? เป็นต้น ซึ่งการสื่อสารนี้จะทำให้ฝั่ง Sherlock ช่วยเหลือกันตามหาคนร้ายได้เร็วขึ้น แต่ในขณะเดียวกันคนร้ายเองก็สามารถปั่นฝั่งนักสืบได้เช่นกัน เพราะฝั่งคนร้ายจะมองเห็นการสนทนาทั้งหมดของฝั่งนักสืบ ในทางกลับกันหากฝั่งนักสืบคนใดสงสัยผู้เล่นคนใดก็สามารถปิดกั้นการสื่อสารได้เช่นกันนอกจากนี้ในช่วงท้ายของเกมจะมีสถานการณ์พิเศษสุ่มเกิดขึ้นมาให้ผู้เล่นได้ตื่นเต้นกัน เช่นอยู่ดี ๆ อาจจะมีแก๊สพิษรั่ว ทำให้ผู้เล่นไม่สามารถเดินไปยังห้องดังกล่าวได้ หรือว่าบางทีอาจจะมีหมาป่าพุ่งทะลุกระจกเข้ามาอยู่ในห้องใดห้องหนึ่ง และโจมตีตัวละครที่อยู่ในห้องนั้นจนทำให้ติดสถานะพิเศษ เป็นต้นสรุปรีวิวCRIMESIGHT ถือได้ว่าเป็นเกม PvP แบบจำลองสถานการณ์อาชญากรรมที่ทำออกมาได้ดีมาก ๆ ด้วยองค์ประกอบที่น่าสนใจมากมายไม่ว่าจะเป็นเกมเพลย์  กราฟิก  ดนตรีประกอบ เป็นต้น อย่างไรก็ตามเกมดังกล่าวก็ต้องใช้เวลาเรียนรู้อยู่พอสมควรเพื่อที่จะเล่นได้อย่างสนุกส่วนตัวผู้เขียนขออนุญาตให้คะแนนเกมนี้ที่ 8.5 เต็ม 10 ครับ ผู้เขียนขอย้ำว่า รีวิวนี้ รวมถึงคะแนนนี้เป็นมุมมองของผู้เขียนเท่านั้น แฟนเกมคนอื่น ๆ อาจจะมีมุมมองที่แตกต่างกันก็ได้ครับจุดเด่น- เกมเพลย์ที่แปลกใหม่ สนุกสนานสำหรับคนที่ต้องการใช้สมอง- กราฟิกสวยงาม ตัวละครมีดีไซน์ที่ชัดเจน และมีเอกลักษณ์- ดนตรีประกอบทำออกมาได้ดี- รายละเอียดปลีกย่อยที่ทำออกมาได้น่าสนใจข้อสังเกต- ต้องใช้เวลาในการทำความเข้าใจค่อนข้างเยอะ เพราะเกมมีรายละเอียดมากแถมไม่มีภาษาไทย- หากมีผู้เล่นน้อยจะทำให้เกิดช่วงเกมร้างได้ เพราะเกมนี้เป็นเกมออนไลน์สุดท้ายนี้ขอขอบคุณ KONAMIที่เอื้อเฟื้อและสนับสนุนเกมมาให้เราได้รีวิวกันในครั้งนี้ครับภาพ Screenshots เพิ่มเติมอย่าลืม! กด Subscribe และกดกระดิ่ง ที่>> เข้ากลุ่มคนไทยพูดคุยเกี่ยวกับ<<,153,th,Neutral
thisisgamethailand,2022/05/04,https://www.thisisgamethailand.com/content/PlayStation-Game-Has-Trophy-That-Takes-10-Years-to-Unlock.html,ระบบถ้วยโทรฟี่ (Trophy) เป็นระบบที่เปิดตัวครั้งแรกบน PS3 โดยระบบนี้กลายเป็นระบบที่โดดเด่นอย่างมากในการเล่นเกมบนเครื่องเล่นเกม PlayStation และระบบดังกล่าวยังถูกนำมาใช้กับทุกเกมที่มีให้เล่นบน PS จวบจนถึง PS5 ในทุกวันนี้ภายในระบบนี้จะมีถ้วยให้ผู้เล่นได้ปลดล็อคมากมาย โดยมีตั้งแต่ระดับทั่วไป ไปจนถึงระดับที่หายากที่สุด โดยผู้เล่นที่ต้องการปลดล็อคถ้วยเหล่านี้ก็ต้องเล่นเกมให้ถึงที่กำหนดเพื่อปลดล็อคถ้วย และถ้วยระดับที่สูงที่สุดก็คือ ถ้วยระดับ Platinum ที่ผู้เล่นจะต้องปลดล็อคถ้วยทุกถ้วยภายในเกมให้สำเร็จเพื่อที่จะปลดล็อคถ้วยนี้ได้อย่างไรก็ตาม ล่าสุดมีเกม The Stanley Parable: Ultra Deluxe ได้มีถ้วยสุดท้าทายที่ผู้เล่นจะไม่สามารถปลดล็อคถ้วยได้อย่างน้อย 10 ปี! โดยถ้วยนี้มีชื่อว่า Super Go Outside ซึ่งกำหนดให้ผู้เล่นที่เล่นเกมดังกล่าวไม่เล่นเกมอย่างน้อย 10 ปี ซึ่งหากผู้เล่นทำตามกติกา (แบบไม่มีการปรับแต่งเวลาบนเครื่องคอนโซล) นั่นแปลว่าผู้เล่นจะต้องรอปลดถ้วยนี้ในปี 2032 และถ้าหากผู้เล่นเผลอเข้าเกมไปเล่น ก็จะเริ่มนับ 1 ใหม่ทันที!นอกจากนี้ เกมดังกล่าวยังมีถ้วยสุดประหลาดมากมาย เช่นถ้วย Commitment ที่จะมอบให้ผู้เล่นที่เล่นเกมดังกล่าวทั้งวันในวันอังคารเท่านั้น!The Stanley Parable: Ultra Deluxe เป็นเกมสำรวจมุมมองบุคคลที่หนึ่ง มันเป็นการจินตนาการใหม่ที่เพิ่มขึ้นของเกมอินดี้ที่ได้รับรางวัลวิจารณ์ The Stanley Parable ในปี 2013 โดยเกมนี้จะพูดถึงบุคคลธรรมดาคนหนึ่งชื่อ Stanley ที่พบว่าเพื่อนร่วมงานในสำนักงานของเขาหายตัวไปอย่างลึกลับ เขาจึงออกเดินทางเพื่อค้นหาคำตอบอย่าลืม! กด Subscribe และกดกระดิ่ง ที่>> เข้ากลุ่มคนไทยพูดคุยเกี่ยวกับ<<ที่มา : gamerant,65,th,Neutral
thisisgamethailand,2022/05/04,https://www.thisisgamethailand.com/content/Idle-Iron-Knight-now-available-on-TH-store.html,[อัปเดต : 26เม.ย. 65]Idle Iron Knightเปิดให้บริการครบทั้ง iOS และ Android แล้ว[อัปเดต : 25 ก.พ. 65] หลังจากเปิดให้ลงทะเบียนล่วงหน้าไปได้สักพัก ล่าสุด Mobirix เปิดให้บริการIdle Iron Knight เกมมือถือ Idle RPG กราฟิก 2.5 เปิดการต่อสู้แบบ Auto ดาวน์โหลดได้แล้วบนระบบ Android ผ่าน Google Play Store ไทยIdle Iron Knight เกมมือถือ Idle RPG เพลิดเพลินไปกับกราฟิก 2.5D กับแผนที่คุณภาพสูง 8 แห่งและสัตว์ประหลาดที่ไม่ซ้ำหน้าถึง 67 ตัว พร้อมทั้งอัปเกรดตัวละครที่หลากหลายมากกว่า 80 แบบ สัตว์เลี้ยงที่ไม่เหมือนใคร 24 ตัว และโหมดการเล่นที่หลากหลาย (PvP Defense Raid) พร้อมรางวัลมากมายตามอันดับของแต่ละโหมด ทั้งนี้คุณสามารถรับรางวัลได้แม้ขณะออฟไลน์รวมเกมมือถือน่าเล่นที่เตรียมเปิดในเดือน เม.ย.อย่าลืม! กด Subscribe และกดกระดิ่ง ที่>> เข้ากลุ่มคนไทยพูดคุยเกี่ยวกับ<<,62,th,Neutral
thisisgamethailand,2022/05/04,https://www.thisisgamethailand.com/content/PS5-is-Restocked-in-Bahrain.html,ปัญหาที่หลายคนยังคงกุมขมับมาจนถึงทุกวันนี้คงเป็นอะไรไปไม่ได้นอกเหนือจากพ่อค้ารีเซลที่สามารถกว้านซื้อเครื่องเล่น PlayStation 5 ได้จนแทบไม่มีสต๊อกเหลือสำหรับผู้เล่นที่ต้องการจริงๆ เป็นระยะเวลาเกือบ 2 ปีเข้าไปแล้วนับตั้งแต่วางขายครั้งแรก ซึ่งในประเทศไทยบ้านเราเองนอกเหนือจากข่าวลือที่มักจะโผล่มาทุกๆ ล็อตการวางขาย แต่ก็ดูเหมือนว่าจะยังไม่ถึงฝั่งฝันกันเสียทีล่าสุด มีรายงานจากผู้ใช้งาน SolidNSnake1985 ออกมาให้ติดตามกันด้วย ซึ่งเจ้าตัวได้นำรูปภาพของร้านค้าแห่งหนึ่งในประเทศบาห์เรนที่มีกล่องแพคเกจของ PS5 วางตั้งไว้จำนวนหลายสิบเครื่อง พร้อมระบุว่าการจัดส่งสินค้าได้มีเพียงพอต่อการวางขายหน้าร้านแล้ว และในเวลาต่อมาก็มีทวีตข้อความมาอีกเรื่อยๆ ว่ายังจัดส่งกันไม่เสร็จสิ้นเลย และไม่มีท่าทีที่จะหยุดเห็นแบบนี้แล้ว หลายคนก็เข้ามาตื่นตกใจกันใหญ่ เพราะหลายประเทศเองแม้ว่าจะมีจำนวนสต๊อกมากขึ้น แต่ก็ปฎิเสธไม่ได้ว่ายังคงเป็นสินค้าหาซื้อยากอยู่ พร้อมพากันเตือนว่าระวังจะมีพ่อค้ารีเซลไปกวาดเรียบอีก อย่างไรก็ตามSolidNSnake1985 ได้ตอบกลับว่าตัวเครื่องตอนนี้เองก็มีราคาอยู่ที่ราวๆ 2460 ริยัลซาอุดีอาระเบีย หรือประมาณ 22000 บาท ซึ่งก็ยังคงแพงกว่าราคาขายทั่วไปอยู่ดี จึงอาจจะไม่ค่อยคุ้มค่าสักเท่าไหร่ที่พ่อค้าจะไปซื้อมาขายต่อเสียเองทั้งนี้ทั้งนั้น จากภาพที่เห็นก็ทำให้เราพอสบายใจได้ว่าในอนาคต PlayStation 5 อาจจะมีโอกาสวางจำหน่ายแบบหน้าร้านให้เราเข้าไปซื้อได้โดยไม่ต้องกังวลเรื่องราคาอีกเร็วๆ นี้ แต่ก็คงต้องรอคอยกันสักระยะ เพราะทาง Intel เองก็เพิ่งรายงานว่าชิปเซ็ตสำคัญเช่นเดียวกับ Semiconductor ยังคงเจอปัญหาขาดตลาดยาวถึงปี 2024ดังนั้นจำนวนสินค้าที่พึงผลิตได้ก็ย่อมน้อยลงไปอีก ว่าแล้วก็หวังว่าเราจะได้ยินข่าวดีไวๆ เนอะอีกด้านหนึ่ง PlayStation 5 วางจำหน่ายแล้ววันนี้ในประเทศไทยในรูปแบบการสั่งจองออนไลน์ โดยมีราคาเริ่มต้นที่ 13900 บาทสำหรับ All-Digital Edition และรุ่นปกติที่ราคา 16900 บาท ตัวเครื่องมาพร้อมหน่วยประมวลผล AMD Zen 2 8-core 16 thread อีกทั้งยังมีการนำหน่วยความแบบ Solid-state Drive เข้ามาใช้ รวมไปถึงจอยเกมที่มาพร้อมระบบสั่น Haptic ที่สมจริงเพื่อประสบการณ์การเล่นเกมแบบราบรื่นไร้รอยต่อขึ้นไปอีกอย่าลืม! กด Subscribe และกดกระดิ่ง ที่>> เข้ากลุ่มคนไทยพูดคุยเกี่ยวกับ<<,74,th,Positive
thisisgamethailand,2022/05/04,https://www.thisisgamethailand.com/content/Otherworld-Legends-is-available-in-TH-Store.html,[อัปเดต : 28 เม.ย. 2565] หลังจากเปิดให้บริการบนมือถือมาเกือบ 2 ปี ล่าสุดChillyRoom เอาใจคอเกม PC กันบ้าง พร้อมวางจำหน่าย Otherworld Legendsบน Steam แล้วในราคา 159 บาท[อัปเดต : 19 ส.ค. 2563] ค่ายเกม ChillyRoom ประกาศเปิดให้บริการOtherworld Legends เกมมือถือ Action RPG ผสมแนว Roguelike ในกราฟิก 2D+3D ผ่าน App Store และ Google Play Store ไทยเป็นที่เรียบร้อยOtherworld Legends เป็นเกม Action RPG ผสมแนว Roguelike ที่ผู้เล่นจะได้ออกสำรวจโลก ตั้งแต่ร่องไม้ไผ่อันเงียบสงบ สวนนิกายเซน สุสานใต้ดินอันยิ่งใหญ่ ไปจนถึงพระราชวังภาพลวงตาในฝัน รวบรวมไอเทมแหวกแนวและนำพวกมันมาลองประสานการใช้งานเพื่อหาสิ่งที่ดีที่สุด พร้อมดำดิ่งสู่โลกแบบสุ่มที่จะมอบประสบการณ์อันน่าตื่นเต้นทุกครั้งที่ได้เจอเรื่องราวนักรบที่ดีที่สุดจากเวลาและสถานที่ที่แตกต่างกันถูกอัญเชิญสู่ภาพลวงตาที่สร้างขึ้นโดย Asurendra พวกเขาผ่านการทดลองหนึ่งครั้งหลังจากนั้นอีกครั้ง และในที่สุดก็มาเผชิญหน้ากับความลับอันยาวนานที่อยู่เบื้องหลังอาณาจักรเห่งนี้ฟีเจอร์- การควบคุมแบบสุดยอดและประสบการณ์การต่อสู้ที่น่าพอใจ- ฮีโร่มากมายให้เลือก มาพร้อมสไตล์การต่อสู้ที่แตกต่างกัน ตั้งการต่อสู้ระยะประชิด ระยะไกล และการร่ายเวท- ศัตรู บอส และฉากที่มีความหลากหลาย ตั้งแต่อัศวินสูงตระหง่านไปจนถึงสัตว์ประหลาดน่ารัก- รวบรวมไอเทมที่ให้โบนัสรอบด้าน คิดค้นสูตรไอเทมจนกว่าจะการประสานพลังที่สมบูรณ์แบบเหมาะกับสไตล์ของคุณ- เตรียมตัวเซอร์ไพรส์กับสิ่งที่จะได้เจอในดันเจี้ยน ศัตรูแบบสุ่ม ห้องลับ ร้านค้าที่ซ่อนอยู่ และบอสที่ไม่รู้จัก- การควบคุมแบบช่วยเหลือจะช่วยให้คุณเล็งเป้าหมายศัตรูได้อย่างง่ายดายและใช้คอมโบที่ยอดเยี่ยมด้วยการแตะเพียงไม่กี่ครั้ง- การผสมผสานที่เป็นเอกลักษณ์ของภาพพิกเซลสไตล์ 2D และ 3D และภาพเคลื่อนไหวที่วาดด้วยมืออันยอดเยี่ยมอย่าลืม! กด Subscribe และกดกระดิ่ง ที่>> เข้ากลุ่มคนไทยพูดคุยเกี่ยวกับ<<,84,th,Neutral
thisisgamethailand,2022/05/04,https://www.thisisgamethailand.com/content/Project-Fighter-coming-soon-in-2022.html,Tencent Games จับมือกับBandai Namcoเพื่อประกาศเปิดตัวProject: Fighter เอาใจแฟน ๆOne Piece กับเกมแอ็กชั่น 3 มิติบนมือถือตัวใหม่ภายใต้การพัฒนาของUnreal Engine 4ช่วยเพิ่มเอฟเฟกต์ภาพของเกมและสร้างฉากต่อสู้ที่สมจริง อีกหนึ่งผลงานคุณภาพจากผู้สร้างชุดเดียวกับNaruto Mobile โดยขณะนี้เปิดให้ลงทะเบียนล่วงหน้าบน TapTap ซึ่งคาดว่าจะเปิดให้บริการภายในปี 2022 นี้Project: Fighter เกมเพลย์เบื้องต้นของเกมนี้ จะเป็นเกมเพลย์แอ็กชั่นสมบูรณ์แบบ ที่มีปุ่มควบคุมการต่อสู้ทั้งการโจมตีธรรมดา และปุ่มการใช้สกิลที่ใช้งานได้ง่าย โดยตัวเกมจะเป็นกึ่ง Side Scrolling แต่เป็นภาพสามมิติสวยงาม และมีการใช้ท่าไม้ตายประจำตัวที่คุ้นตาจำนวนมาก อีกทั้งยังมีตัวละครจากการ์ตูน One Piece มาให้เราได้พบเจอกันอีกมากมายยังไม่มีการยืนยันว่า Project: Fighter จะเปิดให้เล่นทั่วโลกหรือไม่ ซึ่งเราก็ต้องมาติดตามกันต่อไป และเมื่อไหร่ก็ตามที่มีข้อมูลเพิ่มเติมเกี่ยวกับเกมนี้ ทางทีมงานจะรีบนำมาแจ้งให้ทราบโดยทันทีครับลงทะเบียนล่วงหน้ารวมเกมมือถือน่าเล่นที่เตรียมเปิดในเดือน พ.ค.อย่าลืม! กด Subscribe และกดกระดิ่ง ที่>> เข้ากลุ่มคนไทยพูดคุยเกี่ยวกับ<<อย่าลืม! กด Subscribe และกดกระดิ่ง ที่>> เข้ากลุ่มคนไทยพูดคุยเกี่ยวกับ<<,48,th,Neutral
thisisgamethailand,2022/05/04,https://www.thisisgamethailand.com/content/Reika-GANTZ-Cosplay-by-NoriCosplay.html,Reika เป็นตัวละครจากการ์ตูนเรื่อง GANTZ โดยเธอคือไอดอลที่สวย อ่อนเยาว์ และได้รับความนิยมเป็นอย่างมาก โดยเธอโดนฆ่าตายในเหตุการณ์สังหารหมู่ที่ Shinjuku โดยเธอเริ่มสนใจ Kurono มากขึ้นหลังจากเห็นเขาลงมือปฏิบัติการในคืนแรกในฐานะผู้เข้าร่วมในเกม ซึ่งเธอได้พิสูจน์ให้เห็นว่าเธอก็มีความสามารถในการต่อสู้กับเอเลี่ยนอย่างไรก็ตามสิ่งที่น่าสนใจไปมากกว่านั้นก็คือ ตัวละครนี้มักมาในชุดแอบแซ่บที่ทำให้มีสาว ๆ เลือกที่จะนำตัวละครนี้เป็นต้นแบบ และดัดแปลงชุดให้แซ่บขึ้นกว่าเดิม โดยในวันนี้ผู้เขียนจะพาผู้อ่านไปพบกับสาวไต้หวันที่จัดเต็มเป็น Reika ซึ่งบอกได้เลยว่าแซ่บสะท้านทรวงแน่นอนผลงานนี้เป็นของ NoriCosplay ซึ่งในครั้งนี้เธอได้ดัดแปลงชุดของ Reika ให้แซ่บมากยิ่งขึ้นหลายเท่าตัวไม่ว่าจะเป็นช่วงบนที่ชุดของเธอนั้นมีเนื้อผ้าหายไปจำนวนมาก เผยให้เห็นสัดส่วนเรือนร่างของเธอแบบเต็ม ๆ ตาในหลาย ๆ จุด นอกจากนี้ในพื้นที่ช่วงล่างของเธอก็ไม่ต้องบรรยายให้มาก เพราะแทบจะเรียกว่าชุดด้านล่างของเธอเหมือนกางเกงในไปแล้วสำหรับผู้ที่เข้ามารับชมผลงานของเธอก็ได้คอมเมนต์ชื่นชมกันจำนวนมาก เช่น“อะโห... ไม่ต้องบรรยายอะไรเลย มันสุดยอดมาก ๆ”“โอว... กำเดาผมไหลหมดแล้ว”“เอาอีก เอาภาพมากกว่านี้อีก!”“มันจำเป็นที่จะต้องแซ่บสะท้านทรวงแบบนี้ไหมเนี่ย”“Reika นั่นเธอจริง ๆ เหรอ มันจะเกินไปมุ้ย!”ติดตามผลงานของเธอเพิ่มเติมได้ที่นี่lovernoriอย่าลืม! กด Subscribe และกดกระดิ่ง ที่>> เข้ากลุ่มคนไทยพูดคุยเกี่ยวกับ<<,50,th,Neutral
thisisgamethailand,2022/05/04,https://www.thisisgamethailand.com/content/Brave-Nine-Puzzle-Soft-Launch-Announced.html,ผู้อ่านคนใดที่กำลังรอคอยข่าวอัปเดตของเกมใน IP Browndust หรืออีกชื่อหนึ่งก็คือ Brave Nine ก็มาติดตามข่าวนี้ได้เลยครับ เมื่อล่าสุด NEOWIZ ได้ออกมาประกาศว่าเปิด Soft Launch เกม Brave Nine & Puzzle บนสโตร์แคนาดามาให้ผู้ที่สนใจได้ทดลองเล่นกันครับข้อมูลทั่วไปBrave Nine & Puzzle เป็นเกมเรียงเพชรที่เล่นได้ฟรี โดยเกมนี้ได้รวมเอาองค์ประกอบ RPG เข้ากับความสนุกในการรวบรวมฮีโร่! เริ่มการผจญภัยแฟนตาซีของคุณได้แล้ววันนี้ฟีเจอร์หลักเกมเพลย์ที่เล่นง่าย – รวมทีมฮีโร่เพื่อออกเดินทางและบดขยี้ศัตรูด้วยการเรียงเพชรให้เหมือนกัน 3 เม็ด และสร้างคอมโบสุดอลังการเนื้อหาที่น่าติดตามมากมาย - เตรียมตัวให้พร้อมสำหรับการผจญภัยครั้งยิ่งใหญ่และสัมผัสประสบการณ์แคมเปญที่น่าตื่นเต้น สงครามลีก การจุติ การจู่โจมกิลด์ และอื่น ๆ อีกมากมาย!กราฟิกที่สวยงาม – เผชิญหน้ากับมอนสเตอร์ที่โหดร้าย ฮีโร่ที่ทรงพลัง และเอฟเฟกต์ภาพในโลกแห่งจินตนาการอันยิ่งใหญ่ในตำนาน!ดาวน์โหลด (ลิงก์นี้เป็นของสโตร์แคนาดา)*ลิงค์นี้เป็นของสโตร์แคนาดาอย่าลืม! กด Subscribe และกดกระดิ่ง ที่>> เข้ากลุ่มคนไทยพูดคุยเกี่ยวกับ<<,52,th,Neutral
thisisgamethailand,2022/05/04,https://www.thisisgamethailand.com/content/The-Tennis-Master-Announced-on-Steam.html,Deep Games ได้เปิดตัวเกมแอ็กชั่นผจญภัย ที่มีเนื้อเรื่องเกี่ยวกับกีฬา อีกทั้งยังมีการผสมผสานเนื้อหาแบบ 18+ เข้ามาให้ผู้เล่นได้ดื่มด่ำไปด้วยข้อมูลทั่วไปคุณจะได้รับบทเป็นอดีตแชมป์เทนนิสผู้ตกยาก โดยคุณได้รับการว่าจ้างจากนักธุรกิจลึกลับให้เป็นโค้ชให้กับ Sophia ซึ่งเป็นลูกสาวของเขา อย่างไรก็ตาม คุณเองไม่ค่อยกระตือรือร้นกับการจ้างงานนี้มากนัก แต่ก็ยอมรับงานนี้ด้วยเหตุผลทางการเงิน ในไม่ช้าคุณพบว่าตัวเองเข้าไปพัวพันกับบางสิ่งที่ยิ่งใหญ่กว่าตัวคุณเอง ข้อตกลงที่คลุมเครือเกี่ยวกับนักธุรกิจและครอบครัวของเขา คุณจะเลือกเส้นทางของคุณอย่างไรฟีเจอร์หลัก- ภาพภายในเกมมากกว่า 1800 ภาพ- ฉากอนิเมชั่น 16 ฉาก- บทสนทนาที่มีมากถึง 35000 คำ- เติมเต็มบรรยากาศด้วยดนตรีและเอฟเฟกต์ต่าง ๆ- ตั้งชื่อตัวละครหลักได้- ตอบจบ 3 แบบตามเส้นทางที่คุณเลือกหากผู้อ่านคนใดสนใจเกมนี้ และอยากซื้อเกมนี้ไปเล่น ก็สามารถมาได้ที่นี่ครับอย่าลืม! กด Subscribe และกดกระดิ่ง ที่>> เข้ากลุ่มคนไทยพูดคุยเกี่ยวกับ<<,41,th,Positive
thisisgamethailand,2022/05/04,https://www.thisisgamethailand.com/content/TIG-เปิดรับนักเขียนอิสระ.html,"ดีลอีสเกม เปิดรับนักเขียนอิสระ (Freelance Writer) ร่วมเป็นส่วนหนึ่งในการสร้างสรรค์และแบ่งปันเรื่องราวหรือบทความของตัวเองเกี่ยวกับเกม ลงในเว็บไซต์คนรักเกมอย่าง ดีลอีสเกม ไทยแลนด์ไม่ว่าจะเป็นนักเขียนรุ่นใหม่หรือรุ่นเก๋าในวงการเกม ก็สามารถร่วมเป็นส่วนหนึ่งกับพวกเราได้ โดยเราจะเปิดรับบทความและคัดเลือกบทความเพื่อเผยแพร่ในเว็บของเรา โดยแสดงชื่อ ของนักเขียนในแต่ละบทความ แถมมีรายได้พิเศษอีกด้วยการเขียนบทความ- สามารถเขียนบทความได้ทั้ง พรีวิว รีวิว หรือแม้กระทั่งบทความแนวความคิดเห็นหรือเรื่องราวที่อยากจะถ่ายทอดสู่เพื่อนๆ เหล่าเกมเมอร์ได้รู้กันโดยไม่จำกัดรูปแบบการนำเสนอการสมัครเขียนบทความสมัครเป็นสมาชิกเว็บไซต์ This is Game Thailand (ท่านที่สมัครสมาชิกแล้วข้ามไปที่หัวข้อการส่งบทความ)- วิธีสมัครสมาชิก : คลิ๊กการส่งบทความ- ส่งบทความเป็นไฟล์ Microsoft Word หรือ Notepad- พร้อมแนบรูปประกอบ (รูปแรกของบทความแนะนำควรเป็นรูปแนวนอนขนาด 1000x532)- ลิ๊งค์วีดีโอจาก Youtube Vimeo(ถ้ามี)- ส่งมาที่ [emailprotected] และ cc: [emailprotected] โดยตั้งชื่อหัวข้ออีเมลว่า [ส่งบทความ] ตามด้วย [ชื่อบทความ]พร้อมกับชื่อ-นามสกุลจริง email ที่ใช้สมัครสมาชิกชื่อแสดงบนเว็บไซต์ และเบอร์โทรติดต่อตย.) หัวข้ออีเมล --> [ส่งบทความ] [10 พฤติกรรมเด่นของเกมเมอร์]   เนื้อหาอีเมล -->ชื่อ-นามสกุลจริง email ที่ใช้สมัครสมาชิกชื่อแสดงบนเว็บไซต์ และเบอร์โทรติดต่อเกี่ยวกับรายได้จากบทความ- หลังจากบทความถูกเผยแพร่ในเว็บดีสอีสเกมจะถือว่า บทความนั้นผ่านการตรวจสอบแล้ว โดยเกณฑ์การให้คะแนนจะดูที่ความสมบูรณ์งานที่บทความและภาพ ความคิดสร้างสรรค์ เช่น การเขียนบทความในเชิงแสดงความคิดเห็นส่วนตัวหรือการรีวิวเกม จะได้ระดับสูง เป็นต้น ส่วนสำหรับข่าวสารในลักษณะการแปล อัพเดตข้อมูลสั้นๆ ก็อาจจะตกอยู่ในระดับต่ำกว่า โดยทีมงานจะให้คะแนนตามผลงานดังนี้S - 150 บาทA - 100 บาทB - 75 บาทC - 50 บาทและอาจมีงานเขียนในลักษณะพิเศษ(10 บทความ หรือมากกว่า) ซึ่งจะได้รายได้มากกว่าปกติ*จะสามารถเบิกเงินได้เมื่อยอดสะสมถึง 1000 บาท- หากยอดสะสมถึง 1000 บาทและต้องการเบิกเงินค่าตอบแทน กรุณาส่ง : 1. สำเนาบัตรประชาชนพร้อมเซ็นรับรองสำเนาถูกต้อง 2.สำเนาหน้าแรกของสมุดบัญชีธนาคาร ที่ระบุชื่อเจ้าของบัญชี เลขที่บัญชี เพื่อใช้รับโอนค่าตอบแทน- ส่งมาที่ [emailprotected] โดยตั้งชื่อหัวข้ออีเมลว่า [เบิกเงินค่าตอบแทน] พร้อมกับชื่อ-นามสกุลจริงemail ที่ใช้สมัครสมาชิกชื่อแสดงบนเว็บไซต์ และเบอร์โทรติดต่อ",102,th,Neutral
thisisgamethailand,2022/05/04,https://www.thisisgamethailand.com/content/Apex-Legends-Mobile-Confirmed-for-May-2022-Worldwide-Release.html,ถือเป็นเกมที่เปิดตัวกันเร็ว และมีข่าวออกมาให้ติดตามอย่างต่อเนื่องเลยทีเดียวครับสำหรับ Apex Legends Mobile เวอร์ชั่นมือถือของเกมแบทเทิลรอยัลเลือดใหม่ที่เน้นการประสานงานแบบทีมเวิร์ค เช่นเดียวกับการประยุกต์ใช้สกิลของตัวละครต่างๆ โดยหลังจากมีการเปิดให้บริการรูปแบบ Soft Launch ไปก่อนหน้านี้ ล่าสุดก็มีข่าวดีเกี่ยวกับการเปิดตัวอย่างเป็นทางการออกมาแล้วคุณ Jordan Patz ฝ่ายผู้กำกับมือถือได้ยืนยันเรียบร้อยแล้วว่า Apex Legends Mobile จะเปิดให้บริการพร้อมกันทั่วโลกทั้งบนอุปกรณ์ iOS และ Android ภายในเดือนพฤษภาคมนี้ โดยจะยังคงให้บริการแบบ Free-to-play และไม่มีการขายสินค้าที่เพิ่มความสามารถแน่นอน เพราะจะโฟกัสที่เรื่องเครื่องประดับและการแต่งตัวเท่านั้นเช่นเดียวกับเกมภาคปกติ ซึ่งคุณ Jordan ก็รู้สึกตื่นเต้นมาก และกำลังเตรียมส่งไม้ต่อจากรอบ Soft Launchในส่วนฮีโร่ช่วงแรกที่จะเปิดให้เล่นจะมีทั้งสิ้น 10 ตัวะคร และมีแผนที่ 2 แห่งคือ World's Edge กับ Kings Canyon ถือว่ามีคอนเทนต์มากกว่าช่วงเปิดให้บริการครั้งแรกเมื่อปี 2019 บนเครื่องเล่น PlayStation Xbox และ PC นอกจากนี้ จะมีคอนเทนต์แบบเอ็กคลูซีฟบนมือถือมากมายทั้งสกินพิเศษ และโหมดการเล่นแบบที่ไม่สามารถหาเล่นได้ที่อื่น ว่าแล้วอย่าลืมมาติดตามกันนะครับApex Legends Mobile เป็นเกมแอคชั่นเอาตัวรอดแบบ Battle Royale ในรูปแบบทีม มุมกล้อง FPS ผสมผสานการใช้ฮีโร่ที่มีสกิลแตกต่างกันไปคอยเกื้อหนุนกันและกันรวมจำนวน 3 ทีมเช่นเดียวกับเกมต้นฉบับบน PC และคอนโซล แต่จะได้รับการออกแบบมาเพื่อหน้าจอสัมผัสบนสมาร์ทโฟนโดยเฉพาะ เช่นเดียวกับการปรับแต่งด้านกราฟิกและเกมเพลย์ทำให้เป็นประสบการณ์ Battle Royale ที่ล้ำหน้าที่สุดแบบไม่เสียรสชาติเดิมๆตัวเกม Apex Legends Mobile จะเป็นเวอร์ชั่นแยกออกมาอย่างชัดเจน ซึ่งผู้เล่นจะไม่สามารถ Cross-play กับเวอร์ชั่นอื่นได้ แต่จะเป็นเกมแนว Free-to-play เหมือนเดิมพร้อมวางขาย Battle Pass และไอเทมเครื่องประดับที่ดีไซน์ตามเวอร์ชั่นต้นฉบับ พร้อมเวอร์ชั่นเอ็กคลูซีฟ และด้วยการร่วมมือของทีมงานที่เป็นมืออาชีพในการพัฒนาเกมมือถือแล้วจึงต้องบอกว่าตัวเกมจะเก็บครบทุกอารมณ์จากต้นฉบับแน่นอนลงทะเบียนล่วงหน้าอย่าลืม! กด Subscribe และกดกระดิ่ง ที่>> เข้ากลุ่มคนไทยพูดคุยเกี่ยวกับ<<,80,th,Neutral
thisisgamethailand,2022/05/04,https://www.thisisgamethailand.com/content/Thames--Malerose-Cosplayed-as-Cloud-Strife-for-new-UNIQLO-Collection.html,เรียกว่าเป็นอีกหนึ่งแบรนด์เสื้อผ้าที่ครองใจแฟนเกมมานานครับสำหรับ UNIQLO ที่มีไลน์สินค้าพิเศษอย่าง UT Collection ที่เป็นเสื้อยืดหลากสไตล์และมีการจับมือกับแบรนด์ของวิดีโอเกมมากมายไม่ว่าจะเป็น Super Mario Street Fighter II หรือ Blizzard Entertainment และล่าสุดกับ Square Enix ในโปรเจ็คสุดอลังการนั่นคือการฉลองโอกาสครบรอบ 35 ปีของ Final Fantasy นั่นเองครับภายในคอลเลคชันนี้จะมาพร้อมกับเสื้อยืดทั้งหมด 16 ลายจากเกมภาคหลักตั้งแต่ยุคเริ่มต้นมาจนถึง Final Fantasy XVI ที่เตรียมวางขายในเร็วๆ นี้ โดยจะมีการนำภาพกราฟิกสวยๆ มาประทับกันไว้ ไม่ว่าจะเป็นโลโก้เกม ตัวละคร Black Mage แบบพิกเซล หรือภาพอาร์ตเวิร์คในบางภาคเช่น Squall ซึ่งแน่นอนว่าในโอกาสดีแบบนี้ Thames Malerose เลเยอร์คนดังในบ้านเราก็ไม่พลาดขอแต่งตัวไปชอปกันสักหน่อยคราวนี้ Thames Malerose เลือกที่จะสวมชุดแบบพี่คล้าว Cloud Strife จากเกม Final Fantasy VII พร้อมไปบุกตามเก็บเสื้อต่างๆ ที่ UNIQLO สาขาชินระ... เอ๊ย! เซ็นทรัลเวิลด์ หากใครสนใจก็อย่าลืมแวะเวียนกันไปได้ทุกสาขา หรือจะสั่งทางช่องทางออนไลน์ก็ได้เช่นเคย สนนราคาเพียงตัวละ 599 บาทเท่านั้น ที่สำคัญเมื่อมียอดสั่งซื้อครบ 1500 บาทขึ้นไปทางร้านค้าก็จะจัดส่งให้แบบไม่มีค่าใช้จ่ายด้วยนะเอ้อ![เข้าสู่หน้าร้านค้า UNIQLO Online Store]เห็นแล้วต้องบอกว่าเป็นการคอสเพลย์ที่งานดีราวกับเห็นพี่คล้าวหลุดออกมาในโลกแห่งความจริงกันเลยทีเดียว ว่าแล้ว ThisIsGame Thailand เองก็ต้องขอตัวไปช็อปกันที่ UNIQLO ใกล้บ้านบ้าง ส่วนเพื่อนๆ คนไหนที่เป็นเจ้าของเรียบร้อยแล้วอย่าลืมใส่มาอวดกันนะครับ และถ้าหากมีความเคลื่อนไหวหรือเรื่องราวน่าสนใจในวงการเกมอย่างไรเพิ่มเติมพวกเราก็จะไม่พลาดมาแบ่งปันกันที่นี่เช่นเคยอย่าลืม! กด Subscribe และกดกระดิ่ง ที่>> เข้ากลุ่มคนไทยพูดคุยเกี่ยวกับ<<,81,th,Neutral
thisisgamethailand,2022/05/04,https://www.thisisgamethailand.com/content/คำถามที่พบบ่อย.html,"ท่านสมาชิกหรือผู้ที่เข้ามาใช้บริการเว็บไซต์ Thisisgame Thailand ของเราเป็นครั้งแรกสามารถอ่านคำแนะนำรวมถึงวิธีการใช้งานเว็บไซต์ได้ตามหัวข้อด้านล่างนี้1. วิธีสมัครสมาชิกและเข้าสู่ระบบการสมัครสมาชิก Thisisgame Thailand คุณสามารถสมัครได้ 2 รูปแบบ ได้แก่ 1. สมัครด้วย Facebook Account และ 2. สมัครด้วยการกรอกข้อมูลเบื้องต้น (Email)• วิธีสมัครสมาชิก This is Game Thailand• วิธีเข้าสู่ระบบ This is Game Thailand• ลืมรหัสผ่าน2.วิธีการดาวน์โหลดและเล่นเกมจากสโตร์ต่างประเทศ•วิธีดาวน์โหลดเกมมือถือจากต่างประเทศผ่าน QooApp และ APKPure•วิธีการสมัคร Apple ID ของต่างประเทศ•วิธีการเล่นเกมต่างประเทศด้วย VPN•วิธีเล่นเกมมือถือด้วย Emulator บน PC•แนะนำ Emulator เด่นสำหรับเล่นเกมมือถือบน PC•แนะนำ Emulator เด่นสำหรับเล่นเกมเก่าบนมือถือ•วิธีใช้โปรแกรม NOX - โปรแกรมจำลองการเล่นแอนดรอยด์บน PC ที่คุณต้องใช้•วิธีการสมัครไอดี 9Game•วิธีการสมัคร QQ-Wechat เพื่อเล่นเกมค่าย Tencent•วิธีการสมัคร์ไอดีค่าย NetEase3.วิธีการใช้งานระบบ GIVE : This is Game Thailand• ขั้นตอนการรับ Item Code หรือ Serial Code ผ่านระบบ GIVE",56,th,Positive
thisisgamethailand,2022/05/04,https://www.thisisgamethailand.com/content/Idle-Pet-Shelter-now-available-on-TH-store.html,"OUTLOU:D GAMES เปิดให้บริการ Idle Pet Shelter เกมมือถือจำลองสถานที่พักพิงสัตว์เลี้ยง หาบ้านให้หมาแมวจรจัด ดาวน์โหลดได้แล้วทั้งบนระบบ iOS และ Android ผ่าน App Store และ Google Play Store ไทยIdle Pet Shelter เกมมือถือจำลองสถานที่พักพิงสัตว์เลี้ยง หาบ้านให้หมาแมวจรจัด โดยเริ่มจากรีโนเวทตึกเก่า ๆ โทรม ๆ ให้กลายเป็นสรวงสวรรค์ของสัตว์ Homeless โดยวิธีทำให้ตึกเก่า ๆ กลายเป็นพาราไดซ์ขนาดย่อมนั้น คุณจะต้องปลดล็อกไอเทม เฟอร์นิเจอร์ อาหารสัตว์ และห้องใหม่ ๆ พร้อมทั้งจ้างพนักงานมาดูแลน้อน ๆ ตัวน้อย ๆ ให้ดีสร้างห้องให้น้อนตัวน้อย ๆมีห้องมากมายที่เหมาะสำหรับสร้างกิจกรรมเล็ก ๆ ให้น้องแมวของเรา เช่น ห้องออกกำลังกายสไตล์เหมียว ๆ ห้องอาหาร หม่ำ ๆ ห้องทำความสะอาดที่มาพร้อมหุ่นยนต์สุดไฮเทคหลังจากทุกอย่างพร้อมจะมีผู้ใหญ่ใจดีหลาย ๆ ท่านมารับน้อง ๆ กลับบ้านรวมเกมมือถือน่าเล่นที่เตรียมเปิดในเดือน พ.ค.อย่าลืม! กด Subscribe และกดกระดิ่ง ที่>> เข้ากลุ่มคนไทยพูดคุยเกี่ยวกับ<<",53,th,Positive
